Round_num,Winner_Id,Loser_Id,WRank,LRank,WPts,LPts,Wsets,Lsets,B365W,B365L,EXW,EXL,LBW,LBL,PSW,PSL,SJW,SJL,MaxW,MaxL,AvgW,AvgL,SetsTotales,LabelWinnerRank,LabelWinnerPoints,LabelWinnerOddsB65,LabelWinnerOddsPS,LabelWinnerOddsMAX,LabelWinnerOddsAvg,WinnerRoundsWon,LoserRoundsWon,LabelWinnerRounds,LabelWinnerRoundsAndOddsAvg,WinnerRoundsLost,LoserRoundsLost,WinnerRoundsPlayed,LoserRoundsPlayed,LabelWinnerRoundsWonOverAll,LabelLoserRoundsWonOverAll
1,14,262,80,92.0,817,738.0,2.0,0.0,2.75,1.4,2.65,1.42,2.75,1.44,2.88,1.48,1.06,8.94,2.88,1.53,2.68,1.46,2,1.0,1.0,0,0,0,0,4,1,1,1,2,3,6,4,0.6667,0.25
1,206,103,12,59.0,2878,1035.0,2.0,1.0,1.22,4.0,1.2,4.0,1.25,3.75,1.27,4.22,1.5,2.57,1.27,4.33,1.24,4.0,3,1.0,1.0,1,1,1,1,6,2,1,1,0,3,6,5,1.0,0.4
1,92,232,130,93.0,471,737.0,2.0,1.0,2.2,1.61,1.95,1.72,2.2,1.67,2.24,1.73,1.38,2.99,2.24,1.79,2.15,1.68,3,0.0,0.0,0,0,0,0,1,1,0,0,5,5,6,6,0.1667,0.1667
1,247,208,27,190.0,1840,278.0,2.0,0.0,1.53,2.37,1.5,2.4,1.53,2.5,1.59,2.53,1.61,2.27,1.62,2.67,1.53,2.46,2,1.0,1.0,1,1,1,1,5,1,1,1,1,4,6,5,0.8333,0.2
1,35,94,13,225.0,2843,228.0,2.0,0.0,1.1,7.0,1.12,5.0,1.1,7.0,1.11,8.36,1.04,11.01,1.13,8.5,1.1,7.12,2,1.0,1.0,1,1,1,1,2,0,1,1,1,3,3,3,0.6667,0.0
1,245,185,203,67.0,254,960.0,2.0,1.0,6.5,1.11,5.0,1.12,6.5,1.11,6.58,1.15,1.01,21.57,6.58,1.14,5.98,1.12,3,0.0,0.0,0,0,0,0,1,1,0,0,2,4,3,5,0.3333,0.2
1,71,125,22,55.0,2260,1082.0,2.0,0.0,1.2,4.33,1.25,3.5,1.25,4.0,1.24,4.6,2.14,1.69,1.25,4.33,1.22,4.14,2,1.0,1.0,1,1,1,1,6,0,1,1,0,4,6,4,1.0,0.0
1,153,179,94,112.0,730,594.0,2.0,0.0,1.5,2.5,1.5,2.4,1.53,2.5,1.54,2.66,2.61,1.48,1.54,2.67,1.51,2.55,2,1.0,1.0,1,1,1,1,4,0,1,1,1,1,5,1,0.8,0.0
1,74,183,101,36.0,659,1365.0,2.0,0.0,3.0,1.36,3.0,1.33,3.0,1.4,3.31,1.38,1.13,5.83,3.4,1.4,3.1,1.35,2,0.0,0.0,0,0,0,0,4,3,1,1,2,4,6,7,0.6667,0.4286
1,66,272,4,38.0,5196,1340.0,2.0,1.0,1.06,10.0,1.04,8.5,1.06,9.0,1.07,11.51,1.49,2.59,1.08,11.51,1.06,9.18,3,1.0,1.0,1,1,1,1,5,2,1,1,2,4,7,6,0.7143,0.3333
1,151,12,161,51.0,355,1122.0,2.0,0.0,2.75,1.4,2.7,1.4,2.62,1.5,2.66,1.54,2.99,1.38,2.75,1.54,2.6,1.49,2,0.0,0.0,0,0,0,0,2,0,1,1,1,1,3,1,0.6667,0.0
1,29,127,33,146.0,1520,392.0,2.0,0.0,1.28,3.5,1.28,3.3,1.3,3.5,1.37,3.39,2.4,1.56,1.37,3.6,1.3,3.43,2,1.0,1.0,1,1,1,1,4,0,1,1,1,1,5,1,0.8,0.0
1,202,211,52,170.0,1118,312.0,2.0,0.0,1.3,3.4,1.35,2.9,1.36,3.25,1.36,3.46,1.06,9.23,1.36,3.6,1.33,3.26,2,1.0,1.0,1,1,1,1,1,0,1,1,1,1,2,1,0.5,0.0
1,279,161,83,98.0,794,676.0,2.0,1.0,1.44,2.62,1.5,2.4,1.53,2.5,1.54,2.66,2.16,1.67,1.54,2.75,1.49,2.55,3,1.0,1.0,1,1,1,1,2,5,0,0,0,2,2,7,1.0,0.7143
1,249,139,108,19.0,611,2420.0,2.0,1.0,4.5,1.18,4.75,1.15,4.5,1.2,4.93,1.22,2.36,1.57,4.93,1.22,4.54,1.19,3,0.0,0.0,0,0,0,0,4,6,0,0,2,1,6,7,0.6667,0.8571
1,164,51,54,127.0,1095,482.0,2.0,0.0,1.53,2.37,1.48,2.45,1.57,2.25,1.62,2.39,1.12,6.01,1.64,2.5,1.56,2.39,2,1.0,1.0,1,1,1,1,1,1,0,1,2,1,3,2,0.3333,0.5
1,73,273,15,89.0,2585,754.0,2.0,1.0,1.2,4.33,1.22,3.8,1.22,4.33,1.21,5.02,1.04,10.96,1.22,5.02,1.2,4.47,3,1.0,1.0,1,1,1,1,2,0,1,1,4,2,6,2,0.3333,0.0
1,265,138,102,18.0,644,2450.0,2.0,0.0,3.0,1.36,2.8,1.38,3.25,1.36,3.29,1.39,1.7,2.12,3.4,1.39,3.09,1.36,2,0.0,0.0,0,0,0,0,3,2,1,1,0,2,3,4,1.0,0.5
1,141,244,6,71.0,4301,936.0,2.0,0.0,1.03,15.0,1.01,11.0,1.02,15.0,1.04,15.91,1.57,2.38,1.04,15.91,1.03,12.98,2,1.0,1.0,1,1,1,1,6,2,1,1,0,2,6,4,1.0,0.5
1,30,142,49,68.0,1159,950.0,2.0,0.0,1.4,2.75,1.45,2.5,1.44,2.75,1.49,2.82,1.14,5.57,1.5,2.84,1.45,2.68,2,1.0,1.0,1,1,1,1,3,3,0,1,1,4,4,7,0.75,0.4286
1,120,253,39,141.0,1335,410.0,2.0,0.0,1.53,2.37,1.55,2.3,1.53,2.5,1.59,2.52,1.31,3.35,1.61,2.6,1.55,2.41,2,1.0,1.0,1,1,1,1,1,0,1,1,1,2,2,2,0.5,0.0
1,69,169,40,41.0,1305,1301.0,2.0,0.0,1.33,3.25,1.35,2.9,1.33,3.25,1.31,3.85,1.03,13.47,1.36,3.85,1.3,3.48,2,1.0,1.0,1,1,1,1,7,3,1,1,0,2,7,5,1.0,0.6
1,61,172,56,72.0,1081,906.0,2.0,1.0,1.4,2.75,1.45,2.55,1.44,2.75,1.43,3.1,1.51,2.53,1.45,3.1,1.41,2.86,3,1.0,1.0,1,1,1,1,2,0,1,1,3,1,5,1,0.4,0.0
1,175,28,2,120.0,5850,534.0,2.0,0.0,1.03,17.0,1.01,10.0,1.02,15.0,1.03,18.59,1.07,8.56,1.04,18.59,1.02,14.19,2,1.0,1.0,1,1,1,1,2,0,1,1,0,1,2,1,1.0,0.0
1,20,266,62,84.0,1023,791.0,2.0,1.0,1.5,2.5,1.48,2.45,1.5,2.62,1.61,2.49,5.23,1.15,1.61,2.62,1.53,2.46,3,1.0,1.0,1,1,1,1,3,4,0,0,1,3,4,7,0.75,0.5714
1,31,17,90,100.0,750,663.0,2.0,1.0,2.1,1.66,1.9,1.8,2.0,1.8,2.19,1.76,2.08,1.73,2.25,1.8,2.13,1.7,3,1.0,1.0,0,0,0,0,4,1,1,1,1,2,5,3,0.8,0.3333
1,158,159,65,7.0,978,3405.0,2.0,0.0,2.0,1.72,2.0,1.68,2.1,1.73,2.03,1.88,1.7,2.13,2.2,1.88,2.03,1.77,2,0.0,0.0,0,0,0,0,1,0,1,1,2,2,3,2,0.3333,0.0
1,281,278,28,86.0,1655,787.0,2.0,1.0,1.22,4.0,1.22,3.6,1.25,4.0,1.26,4.35,1.86,1.9,1.28,4.35,1.24,3.93,3,1.0,1.0,1,1,1,1,5,2,1,1,2,1,7,3,0.7143,0.6667
1,64,170,43,79.0,1242,824.0,2.0,1.0,1.44,2.62,1.45,2.55,1.5,2.62,1.58,2.46,1.56,2.39,1.62,2.75,1.49,2.59,3,1.0,1.0,1,1,1,1,2,0,1,1,1,1,3,1,0.6667,0.0
1,269,205,14,104.0,2585,631.0,2.0,1.0,1.28,3.5,1.25,3.5,1.3,3.5,1.33,3.68,1.2,4.46,1.33,3.8,1.29,3.53,3,1.0,1.0,1,1,1,1,4,5,0,0,1,2,5,7,0.8,0.7143
1,100,259,50,61.0,1145,1025.0,2.0,0.0,1.53,2.37,1.6,2.2,1.57,2.38,1.63,2.43,1.37,3.02,1.63,2.5,1.58,2.36,2,1.0,1.0,1,1,1,1,5,2,1,1,2,3,7,5,0.7143,0.4
1,45,111,58,3.0,1051,5740.0,2.0,1.0,3.0,1.36,3.0,1.33,3.0,1.4,3.19,1.41,1.36,3.06,3.2,1.44,3.04,1.37,3,0.0,0.0,0,0,0,0,5,2,1,1,1,5,6,7,0.8333,0.2857
1,219,147,76,237.0,844,209.0,2.0,0.0,1.1,7.0,1.11,5.1,1.11,6.0,1.12,7.58,2.18,1.66,1.13,7.58,1.11,6.51,2,1.0,1.0,1,1,1,1,2,0,1,1,2,1,4,1,0.5,0.0
1,180,4,30,95.0,1550,712.0,2.0,0.0,1.4,2.75,1.4,2.75,1.44,2.75,1.56,2.61,1.43,2.77,1.57,2.75,1.48,2.63,2,1.0,1.0,1,1,1,1,4,0,1,1,3,3,7,3,0.5714,0.0
1,75,13,74,311.0,879,130.0,2.0,0.0,1.25,3.75,1.28,3.3,1.29,3.75,1.3,3.88,1.29,3.57,1.32,3.88,1.27,3.64,2,1.0,1.0,1,1,1,1,4,0,1,1,2,3,6,3,0.6667,0.0
1,107,108,45,106.0,1200,628.0,2.0,0.0,1.16,5.0,1.16,4.5,1.17,5.0,1.18,5.61,1.12,5.97,1.18,6.1,1.16,5.15,2,1.0,1.0,1,1,1,1,1,0,1,1,4,1,5,1,0.2,0.0
1,267,72,111,26.0,604,1940.0,2.0,1.0,3.75,1.25,3.3,1.28,3.75,1.29,3.42,1.37,1.1,6.91,3.75,1.37,3.39,1.31,3,0.0,0.0,0,0,0,0,2,0,1,1,3,2,5,2,0.4,0.0
1,177,112,47,37.0,1170,1345.0,2.0,0.0,2.25,1.57,2.25,1.58,2.25,1.62,2.19,1.76,1.17,4.95,2.35,1.76,2.2,1.66,2,0.0,0.0,0,0,0,0,3,2,1,1,1,3,4,5,0.75,0.4
1,98,146,25,85.0,1951,790.0,2.0,0.0,1.1,7.0,1.11,5.0,1.12,6.0,1.13,7.21,1.1,6.59,1.13,7.25,1.11,6.47,2,1.0,1.0,1,1,1,1,2,1,1,1,2,4,4,5,0.5,0.2
1,47,131,24,42.0,2050,1290.0,2.0,1.0,1.5,2.5,1.45,2.55,1.5,2.62,1.54,2.66,1.38,2.97,1.54,3.0,1.48,2.62,3,1.0,1.0,1,1,1,1,4,0,1,1,0,6,4,6,1.0,0.0
1,76,57,9,126.0,3150,483.0,2.0,0.0,1.08,8.0,1.08,6.5,1.06,9.0,1.08,9.95,1.08,7.61,1.1,10.5,1.07,8.48,2,1.0,1.0,1,1,1,1,2,0,1,1,0,1,2,1,1.0,0.0
1,77,239,69,492.0,949,57.0,2.0,0.0,1.4,2.75,1.4,2.75,1.5,2.62,1.5,2.8,10.49,1.05,1.51,2.88,1.44,2.71,2,1.0,1.0,1,1,1,1,5,0,1,1,2,1,7,1,0.7143,0.0
1,255,67,78,113.0,830,589.0,2.0,1.0,1.33,3.25,1.38,2.8,1.4,3.0,1.46,2.95,1.3,3.49,1.46,3.25,1.39,2.92,3,1.0,1.0,1,1,1,1,1,1,0,1,1,4,2,5,0.5,0.2
1,0,43,44,156.0,1230,365.0,2.0,0.0,1.16,5.0,1.2,4.0,1.17,5.0,1.22,4.85,1.79,2.0,1.22,5.05,1.19,4.61,2,1.0,1.0,1,1,1,1,4,0,1,1,2,2,6,2,0.6667,0.0
1,192,212,29,64.0,1552,979.0,2.0,1.0,1.4,2.75,1.42,2.65,1.83,1.83,1.58,2.56,1.06,8.75,1.83,2.88,1.52,2.52,3,1.0,1.0,1,1,1,1,3,2,1,1,0,4,3,6,1.0,0.3333
1,40,240,32,48.0,1538,1160.0,2.0,1.0,1.33,3.25,1.33,2.9,1.4,3.0,1.37,3.39,1.33,3.24,1.4,3.39,1.35,3.15,3,1.0,1.0,1,1,1,1,7,0,1,1,0,2,7,2,1.0,0.0
1,84,140,16,148.0,2560,383.0,2.0,1.0,1.16,5.0,1.14,4.75,1.17,5.0,1.21,4.99,1.64,2.22,1.21,5.0,1.18,4.75,3,1.0,1.0,1,1,1,1,1,1,0,1,0,5,1,6,1.0,0.1667
1,114,36,11,82.0,2886,800.0,2.0,0.0,1.2,4.33,1.18,4.0,1.2,4.5,1.24,4.61,2.13,1.7,1.24,4.9,1.21,4.46,2,1.0,1.0,1,1,1,1,2,3,0,0,4,4,6,7,0.3333,0.4286
1,86,60,184,171.0,297,312.0,2.0,1.0,1.4,2.75,1.45,2.5,1.44,2.75,1.53,2.69,1.38,2.96,1.57,2.85,1.47,2.63,3,0.0,0.0,1,1,1,1,1,0,1,1,0,1,1,1,1.0,0.0
1,126,243,17,96.0,2482,706.0,2.0,0.0,1.08,8.0,1.08,6.0,1.08,8.0,1.1,8.67,1.25,3.89,1.1,9.15,1.08,7.76,2,1.0,1.0,1,1,1,1,6,3,1,1,1,4,7,7,0.8571,0.4286
1,62,95,75,46.0,863,1180.0,2.0,1.0,2.75,1.4,2.8,1.38,2.75,1.4,2.95,1.46,1.81,1.97,4.0,1.53,2.84,1.42,3,0.0,0.0,0,0,0,0,3,2,1,1,0,3,3,5,1.0,0.4
1,276,223,87,165.0,772,343.0,2.0,0.0,1.53,2.37,1.55,2.3,1.57,2.38,1.71,2.27,1.25,3.83,1.71,2.38,1.63,2.24,2,1.0,1.0,1,1,1,1,3,0,1,1,2,2,5,2,0.6,0.0
1,63,233,118,5.0,565,4341.0,1.0,1.0,15.0,1.03,10.0,1.02,15.0,1.02,13.89,1.05,1.08,7.55,15.0,1.05,12.38,1.03,2,0.0,0.0,0,0,0,0,1,4,0,0,0,2,1,6,1.0,0.6667
1,238,171,91,70.0,743,947.0,1.0,1.0,2.25,1.57,2.3,1.55,2.25,1.62,2.29,1.7,3.86,1.25,2.5,1.7,2.25,1.63,2,0.0,0.0,0,0,0,0,3,0,1,1,1,2,4,2,0.75,0.0
1,241,59,172,157.0,311,363.0,2.0,0.0,1.33,3.25,1.38,2.8,1.4,3.0,1.38,3.33,2.36,1.58,1.4,3.33,1.36,3.11,2,0.0,0.0,1,1,1,1,3,0,1,1,2,3,5,3,0.6,0.0
1,152,173,31,329.0,1545,120.0,2.0,0.0,1.1,7.0,1.12,5.0,1.11,6.5,1.12,7.54,1.56,2.39,1.12,7.54,1.1,6.69,2,1.0,1.0,1,1,1,1,4,0,1,1,3,1,7,1,0.5714,0.0
1,218,32,53,105.0,1100,629.0,2.0,0.0,1.25,3.75,1.28,3.3,1.29,3.75,1.3,3.9,2.82,1.42,1.3,3.9,1.27,3.67,2,1.0,1.0,1,1,1,1,3,0,1,1,1,2,4,2,0.75,0.0
1,225,21,57,21.0,1055,2280.0,2.0,0.0,2.37,1.53,2.2,1.6,2.38,1.57,2.45,1.62,1.41,2.85,2.45,1.63,2.34,1.58,2,0.0,0.0,0,0,0,0,3,1,1,1,2,5,5,6,0.6,0.1667
1,123,24,81,109.0,808,609.0,2.0,1.0,1.5,2.5,1.55,2.25,1.53,2.5,1.62,2.45,1.94,1.82,1.62,2.5,1.55,2.42,3,1.0,1.0,1,1,1,1,1,1,0,1,0,5,1,6,1.0,0.1667
1,58,25,60,514.0,1025,54.0,2.0,0.0,1.1,7.0,1.09,6.0,1.1,7.0,1.13,7.04,1.07,8.1,1.13,7.04,1.11,6.47,2,1.0,1.0,1,1,1,1,5,0,1,1,2,1,7,1,0.7143,0.0
1,162,156,20,97.0,2416,693.0,2.0,0.0,1.9,1.8,1.85,1.8,1.91,1.91,1.99,1.92,2.08,1.73,2.08,1.92,1.92,1.86,2,1.0,1.0,0,0,0,0,6,4,1,1,0,3,6,7,1.0,0.5714
1,194,163,63,66.0,1005,975.0,2.0,1.0,1.4,2.75,1.42,2.65,1.44,2.75,1.47,2.9,1.24,3.98,1.47,3.0,1.42,2.79,3,1.0,1.0,1,1,1,1,1,0,1,1,0,4,1,4,1.0,0.0
1,118,15,1,77.0,9030,832.0,2.0,0.0,1.01,21.0,1.01,10.5,1.02,15.0,1.02,21.49,1.09,7.3,1.03,26.0,1.02,17.16,2,1.0,1.0,1,1,1,1,5,2,1,1,0,2,5,4,1.0,0.5
1,224,7,88,35.0,757,1450.0,2.0,0.0,2.1,1.66,2.15,1.62,2.2,1.67,2.05,1.81,1.37,3.02,2.25,1.81,2.16,1.68,2,0.0,0.0,0,0,0,0,3,0,1,1,2,3,5,3,0.6,0.0
1,218,159,41,33.0,1225,1490.0,2.0,1.0,1.72,2.1,1.65,2.1,1.73,2.1,1.72,2.25,1.16,5.03,1.75,2.25,1.71,2.13,3,0.0,0.0,1,1,1,1,3,0,1,1,1,2,4,2,0.75,0.0
1,76,208,31,84.0,1523,735.0,2.0,0.0,1.12,6.0,1.1,5.9,1.13,6.0,1.13,7.18,1.1,6.48,1.15,7.18,1.12,6.3,2,1.0,1.0,1,1,1,1,2,1,1,1,0,4,2,5,1.0,0.2
1,206,204,16,85.0,2780,708.0,2.0,0.0,1.33,3.4,1.3,3.2,1.61,2.28,1.33,3.66,2.12,1.7,1.36,3.66,1.31,3.38,2,1.0,1.0,1,1,1,1,6,0,1,1,0,1,6,1,1.0,0.0
1,142,225,82,51.0,758,1130.0,2.0,1.0,2.75,1.44,2.65,1.42,2.5,1.53,2.75,1.51,1.02,14.19,2.81,1.53,2.7,1.46,3,0.0,0.0,0,0,0,0,3,3,0,0,4,2,7,5,0.4286,0.6
1,183,255,47,128.0,1165,424.0,2.0,1.0,1.11,6.5,1.1,5.9,1.1,7.0,1.14,6.73,1.6,2.31,1.14,7.0,1.12,6.32,3,1.0,1.0,1,1,1,1,3,1,1,1,4,1,7,2,0.4286,0.5
1,192,111,40,1.0,1265,7035.0,2.0,0.0,2.62,1.5,2.5,1.47,2.5,1.53,2.82,1.49,1.77,2.02,2.82,1.53,2.59,1.5,2,0.0,0.0,0,0,0,0,3,2,1,1,0,5,3,7,1.0,0.2857
1,249,263,49,144.0,1148,389.0,2.0,0.0,1.2,4.5,1.19,4.2,1.2,4.5,1.22,4.85,1.12,6.15,1.23,4.85,1.21,4.46,2,1.0,1.0,1,1,1,1,4,0,1,1,2,1,6,1,0.6667,0.0
1,73,185,9,61.0,4310,1055.0,2.0,0.0,1.14,5.5,1.15,4.75,1.11,6.5,1.2,5.27,1.29,3.53,1.2,7.0,1.15,5.53,2,1.0,1.0,1,1,1,1,2,1,1,1,4,4,6,5,0.3333,0.2
1,238,221,90,267.0,672,183.0,2.0,1.0,2.37,1.57,2.3,1.55,2.1,1.73,2.48,1.61,5.96,1.12,2.48,1.74,2.27,1.63,3,1.0,1.0,0,0,0,0,3,3,0,0,1,2,4,5,0.75,0.6
1,169,87,42,140.0,1223,401.0,2.0,0.0,1.61,2.3,1.57,2.25,1.62,2.25,1.6,2.51,1.2,4.4,1.65,2.51,1.61,2.31,2,1.0,1.0,1,1,1,1,3,2,1,1,2,3,5,5,0.6,0.4
1,279,202,155,25.0,353,1746.0,2.0,0.0,7.0,1.1,5.9,1.1,6.5,1.11,7.24,1.13,1.71,2.11,7.5,1.13,6.77,1.1,2,0.0,0.0,0,0,0,0,2,1,1,1,0,1,2,2,1.0,0.5
1,114,75,11,52.0,3941,1120.0,2.0,0.0,1.36,3.25,1.32,3.1,1.4,3.0,1.35,3.51,1.15,5.25,1.4,3.51,1.35,3.2,2,1.0,1.0,1,1,1,1,2,4,0,0,4,2,6,6,0.3333,0.6667
1,278,148,117,80.0,455,783.0,2.0,0.0,1.4,3.0,1.33,3.05,1.4,3.0,1.4,3.25,1.42,2.79,1.4,3.25,1.37,3.04,2,0.0,0.0,1,1,1,1,2,0,1,1,1,2,3,2,0.6667,0.0
1,161,92,98,65.0,626,1003.0,2.0,1.0,1.9,1.9,1.8,1.9,1.91,1.91,1.85,2.07,1.26,3.78,1.94,2.07,1.86,1.94,3,0.0,0.0,0,1,1,1,5,1,1,1,2,5,7,6,0.7143,0.1667
1,140,0,56,93.0,1092,647.0,2.0,0.0,2.3,1.61,2.2,1.6,2.2,1.67,2.31,1.69,1.59,2.32,2.35,1.69,2.25,1.63,2,1.0,1.0,0,0,0,0,1,4,0,0,5,2,6,6,0.1667,0.6667
1,98,262,7,62.0,4480,1053.0,2.0,0.0,1.4,3.0,1.37,2.85,1.4,3.0,1.45,2.97,1.35,3.1,1.46,3.25,1.39,2.98,2,1.0,1.0,1,1,1,1,2,1,1,1,2,3,4,4,0.5,0.25
1,58,245,29,204.0,1550,272.0,2.0,0.0,1.12,6.0,1.11,5.6,1.14,5.5,1.14,6.62,1.92,1.85,1.16,6.62,1.13,6.01,2,1.0,1.0,1,1,1,1,5,1,1,1,2,2,7,3,0.7143,0.3333
1,106,37,114,106.0,459,539.0,2.0,0.0,1.72,2.1,1.72,2.0,1.8,2.0,1.79,2.14,3.14,1.35,1.84,2.14,1.76,2.05,2,0.0,0.0,1,1,1,1,3,3,0,1,2,2,5,5,0.6,0.6
1,34,72,105,63.0,551,1025.0,2.0,0.0,2.0,1.8,1.95,1.75,2.0,1.8,2.0,1.91,2.94,1.39,2.05,1.91,1.96,1.83,2,0.0,0.0,0,0,0,0,1,0,1,1,1,2,2,2,0.5,0.0
1,36,7,53,54.0,1110,1110.0,2.0,0.0,1.22,4.33,1.21,3.95,1.22,4.33,1.3,3.89,1.47,2.64,1.3,4.33,1.24,4.04,2,1.0,0.0,1,1,1,1,3,0,1,1,4,3,7,3,0.4286,0.0
1,66,4,5,78.0,4636,790.0,2.0,0.0,1.3,3.5,1.25,3.6,1.33,3.4,1.29,4.01,1.08,7.94,1.33,4.01,1.28,3.65,2,1.0,1.0,1,1,1,1,5,0,1,1,2,3,7,3,0.7143,0.0
1,78,174,12,337.0,3915,126.0,2.0,1.0,1.02,17.0,1.02,10.0,1.03,12.0,1.06,12.98,1.42,2.78,1.06,17.0,1.03,12.58,3,1.0,1.0,1,1,1,1,2,0,1,1,1,1,3,1,0.6667,0.0
1,77,243,34,75.0,1490,800.0,2.0,0.0,2.2,1.66,2.1,1.65,2.25,1.62,2.16,1.78,1.17,4.95,2.3,1.78,2.17,1.68,2,1.0,1.0,0,0,0,0,5,3,1,1,2,4,7,7,0.7143,0.4286
1,20,39,59,74.0,1080,804.0,2.0,0.0,1.57,2.37,1.57,2.25,1.62,2.25,1.71,2.27,1.22,4.17,1.71,2.43,1.6,2.31,2,1.0,1.0,1,1,1,1,3,0,1,1,1,2,4,2,0.75,0.0
1,53,52,48,162.0,1157,334.0,2.0,1.0,1.2,4.5,1.2,4.1,1.2,4.5,1.24,4.61,1.21,4.34,1.24,4.61,1.21,4.41,3,1.0,1.0,1,1,1,1,1,0,1,1,1,1,2,1,0.5,0.0
1,45,22,18,311.0,2395,144.0,2.0,1.0,1.07,9.0,1.06,7.25,1.1,7.0,1.08,9.87,2.4,1.56,1.1,10.1,1.07,8.61,3,1.0,1.0,1,1,1,1,5,2,1,1,1,4,6,6,0.8333,0.3333
1,184,95,60,24.0,1066,1755.0,2.0,1.0,3.25,1.36,3.05,1.33,3.0,1.4,3.29,1.39,3.19,1.34,3.29,1.4,3.08,1.37,3,0.0,0.0,0,0,0,0,6,2,1,1,0,3,6,5,1.0,0.4
1,219,103,30,107.0,1527,536.0,2.0,0.0,1.25,4.0,1.24,3.65,1.25,4.0,1.28,4.13,9.04,1.06,1.29,4.2,1.25,3.95,2,1.0,1.0,1,1,1,1,2,2,0,1,2,3,4,5,0.5,0.4
1,251,13,195,269.0,282,183.0,2.0,0.0,1.5,2.62,1.47,2.5,1.5,2.63,1.52,2.73,1.21,4.26,1.54,2.97,1.5,2.6,2,1.0,1.0,1,1,1,1,1,0,1,1,0,3,1,3,1.0,0.0
1,150,205,86,38.0,707,1348.0,2.0,1.0,3.4,1.33,3.2,1.3,3.4,1.33,3.49,1.36,1.25,3.89,3.49,1.36,3.34,1.32,3,0.0,0.0,0,0,0,0,5,5,0,0,1,2,6,7,0.8333,0.7143
1,180,220,14,88.0,2915,692.0,2.0,1.0,1.08,8.0,1.06,7.25,1.08,7.5,1.1,8.98,1.62,2.27,1.1,9.0,1.08,7.87,3,1.0,1.0,1,1,1,1,4,3,1,1,3,2,7,5,0.5714,0.6
1,47,117,22,95.0,1945,640.0,2.0,0.0,1.1,7.0,1.09,6.25,1.11,6.5,1.11,7.84,1.28,3.62,1.12,8.0,1.1,7.07,2,1.0,1.0,1,1,1,1,4,1,1,1,0,3,4,4,1.0,0.25
1,138,131,91,58.0,672,1080.0,2.0,0.0,1.4,3.0,1.35,2.95,1.4,3.0,1.38,3.34,2.44,1.54,1.4,3.34,1.37,3.06,2,0.0,0.0,1,1,1,1,2,0,1,1,2,6,4,6,0.5,0.0
1,139,146,3,67.0,6100,930.0,2.0,0.0,1.16,5.0,1.16,4.6,1.17,5.0,1.21,5.13,1.17,4.83,1.22,5.2,1.18,4.85,2,1.0,1.0,1,1,1,1,6,1,1,1,1,4,7,5,0.8571,0.2
1,247,88,17,120.0,2640,450.0,1.0,0.0,1.1,7.0,1.08,6.5,1.11,6.5,1.11,8.36,1.05,10.08,1.11,8.36,1.1,7.21,1,1.0,1.0,1,1,1,1,5,1,1,1,1,2,6,3,0.8333,0.3333
1,266,43,94,259.0,643,195.0,2.0,0.0,1.28,3.75,1.27,3.45,1.29,3.75,1.31,3.81,1.07,8.51,1.31,3.81,1.28,3.64,2,1.0,1.0,1,1,1,1,4,0,1,1,3,2,7,2,0.5714,0.0
1,62,281,115,46.0,456,1172.0,2.0,0.0,2.2,1.66,2.15,1.62,2.1,1.73,2.34,1.68,1.35,3.16,2.34,1.73,2.22,1.65,2,0.0,0.0,0,0,0,0,3,5,0,0,0,2,3,7,1.0,0.7143
1,259,252,87,70.0,705,849.0,2.0,0.0,1.44,2.75,1.42,2.65,1.44,2.75,1.48,2.87,1.38,3.02,1.48,2.87,1.44,2.76,2,0.0,0.0,1,1,1,1,2,1,1,1,3,2,5,3,0.4,0.3333
1,212,152,68,79.0,875,785.0,2.0,1.0,1.72,2.1,1.65,2.1,1.73,2.1,1.68,2.33,1.94,1.84,1.83,2.33,1.7,2.14,3,1.0,1.0,1,1,1,1,2,4,0,0,4,3,6,7,0.3333,0.5714
1,224,137,81,103.0,782,581.0,2.0,0.0,1.3,3.5,1.28,3.35,1.29,3.75,1.32,3.73,1.32,3.3,1.35,3.75,1.3,3.52,2,1.0,1.0,1,1,1,1,3,0,1,1,2,1,5,1,0.6,0.0
1,17,67,73,26.0,807,1611.0,2.0,1.0,2.1,1.72,2.0,1.72,2.0,1.8,2.08,1.84,2.34,1.59,2.2,1.84,2.05,1.77,3,0.0,0.0,0,0,0,0,1,1,0,0,2,4,3,5,0.3333,0.2
1,30,70,15,101.0,2816,598.0,2.0,1.0,2.2,1.66,2.2,1.6,2.1,1.73,2.23,1.74,1.76,2.03,2.34,1.74,2.22,1.65,3,1.0,1.0,0,0,0,0,3,1,1,1,1,1,4,2,0.75,0.5
1,15,64,192,20.0,289,2082.0,2.0,0.0,4.0,1.25,3.65,1.24,3.5,1.3,4.1,1.28,1.22,4.17,4.15,1.3,3.85,1.26,2,0.0,0.0,0,0,0,0,2,2,0,0,2,1,4,3,0.5,0.6667
1,151,35,97,39.0,630,1306.0,2.0,0.0,3.4,1.33,3.2,1.3,3.25,1.36,3.67,1.33,2.43,1.55,3.67,1.36,3.42,1.32,2,0.0,0.0,0,0,0,0,2,2,0,0,1,1,3,3,0.6667,0.6667
1,241,168,121,199.0,449,276.0,2.0,0.0,1.61,2.25,1.57,2.25,1.62,2.25,1.61,2.47,1.22,4.19,1.67,2.47,1.61,2.32,2,1.0,1.0,1,1,1,1,3,0,1,1,2,1,5,1,0.6,0.0
1,265,163,77,50.0,792,1139.0,2.0,0.0,5.5,1.14,5.0,1.14,5.5,1.14,5.91,1.17,1.07,8.36,5.91,1.18,5.41,1.15,2,0.0,0.0,0,0,0,0,3,0,1,1,0,4,3,4,1.0,0.0
1,156,195,64,36.0,1012,1400.0,2.0,0.0,2.2,1.66,2.1,1.65,2.2,1.67,2.2,1.75,1.34,3.21,2.26,1.75,2.18,1.68,2,0.0,0.0,0,0,0,0,4,1,1,1,3,1,7,2,0.5714,0.5
1,100,107,43,35.0,1222,1410.0,2.0,1.0,1.66,2.2,1.62,2.15,1.67,2.2,1.69,2.31,1.75,2.06,1.69,2.32,1.64,2.25,3,0.0,0.0,1,1,1,1,5,1,1,1,2,4,7,5,0.7143,0.2
1,14,21,109,8.0,512,4330.0,2.0,1.0,10.0,1.06,7.75,1.05,7.5,1.08,10.44,1.08,1.4,2.9,10.5,1.08,9.16,1.06,3,0.0,0.0,0,0,0,0,4,1,1,1,2,5,6,6,0.6667,0.1667
1,162,273,6,45.0,4575,1172.0,2.0,0.0,1.08,8.0,1.07,7.0,1.1,7.0,1.11,8.37,1.19,4.6,1.11,8.5,1.09,7.52,2,1.0,1.0,1,1,1,1,6,0,1,1,0,2,6,2,1.0,0.0
1,269,50,23,99.0,1800,601.0,2.0,0.0,1.12,6.0,1.11,5.6,1.13,6.0,1.14,6.81,1.73,2.08,1.15,6.81,1.13,5.89,2,1.0,1.0,1,1,1,1,4,5,0,0,1,1,5,6,0.8,0.8333
1,115,158,290,92.0,159,658.0,2.0,0.0,1.5,2.62,1.45,2.55,1.5,2.63,1.52,2.73,2.98,1.38,1.52,2.73,1.49,2.61,2,0.0,0.0,1,1,1,1,4,1,1,1,2,2,6,3,0.6667,0.3333
1,126,44,13,76.0,3163,797.0,2.0,0.0,1.8,2.0,1.72,2.0,1.91,1.91,1.74,2.22,1.26,3.76,1.91,2.22,1.78,2.02,2,1.0,1.0,1,1,1,1,6,3,1,1,1,1,7,4,0.8571,0.75
1,69,244,27,83.0,1595,749.0,2.0,0.0,1.14,5.5,1.14,5.0,1.17,5.0,1.17,5.98,1.47,2.64,1.17,6.44,1.14,5.64,2,1.0,1.0,1,1,1,1,7,2,1,1,0,2,7,4,1.0,0.5
1,6,74,113,55.0,468,1105.0,2.0,0.0,2.0,1.8,1.9,1.8,2.1,1.73,1.95,1.95,1.31,3.44,2.15,1.95,2.0,1.8,2,0.0,0.0,0,0,0,0,4,4,0,0,2,2,6,6,0.6667,0.6667
1,29,232,21,37.0,2050,1355.0,2.0,0.0,1.5,2.62,1.45,2.55,1.44,2.75,1.56,2.62,3.16,1.34,1.56,2.8,1.48,2.62,2,1.0,1.0,1,1,1,1,4,1,1,1,1,5,5,6,0.8,0.1667
1,242,59,96,215.0,635,261.0,2.0,0.0,1.06,10.0,1.06,7.25,1.07,8.0,1.08,10.16,2.43,1.55,1.1,10.5,1.07,8.89,2,1.0,1.0,1,1,1,1,3,0,1,1,2,3,5,3,0.6,0.0
1,267,143,102,66.0,592,960.0,2.0,0.0,1.28,3.75,1.25,3.6,1.29,3.75,1.25,4.4,1.43,2.77,1.3,4.4,1.26,3.89,2,0.0,0.0,1,1,1,1,2,0,1,1,3,2,5,2,0.4,0.0
1,177,113,57,72.0,1086,826.0,2.0,1.0,1.28,3.75,1.27,3.45,1.3,3.5,1.29,3.98,1.13,5.71,1.35,3.98,1.28,3.66,3,1.0,1.0,1,1,1,1,3,0,1,1,1,1,4,1,0.75,0.0
1,40,164,28,69.0,1580,857.0,2.0,0.0,1.36,3.25,1.35,2.95,1.4,3.0,1.4,3.21,3.21,1.33,1.46,3.25,1.39,3.0,2,1.0,1.0,1,1,1,1,7,1,1,1,0,2,7,3,1.0,0.3333
1,276,120,19,71.0,2165,840.0,2.0,0.0,1.33,3.4,1.28,3.35,1.3,3.5,1.32,3.73,1.46,2.65,1.34,3.73,1.3,3.5,2,1.0,1.0,1,1,1,1,3,1,1,1,2,1,5,2,0.6,0.5
1,141,261,4,89.0,5790,685.0,2.0,0.0,1.14,5.5,1.14,5.0,1.17,5.0,1.14,6.68,1.02,14.58,1.19,6.68,1.15,5.55,2,1.0,1.0,1,1,1,1,6,0,1,1,0,1,6,1,1.0,0.0
1,167,24,260,44.0,195,1181.0,2.0,1.0,6.5,1.11,5.6,1.11,5.5,1.14,6.98,1.13,2.54,1.5,6.98,1.16,6.25,1.12,3,0.0,0.0,0,0,0,0,1,1,0,0,5,5,6,6,0.1667,0.1667
1,175,257,10,208.0,4095,265.0,2.0,0.0,1.08,8.0,1.09,6.25,1.13,6.0,1.09,9.11,1.34,3.18,1.13,9.11,1.09,7.41,2,1.0,1.0,1,1,1,1,2,3,0,0,0,3,2,6,1.0,0.5
1,36,142,24,101.0,1765,672.0,2.0,1.0,1.16,5.0,1.15,4.7,1.14,5.5,1.15,6.16,2.68,1.46,1.19,6.16,1.15,5.41,3,1.0,1.0,1,1,1,1,3,3,0,1,4,4,7,7,0.4286,0.4286
1,29,238,26,96.0,1660,720.0,2.0,1.0,1.44,2.75,1.4,2.75,1.44,2.75,1.45,2.94,1.24,4.0,1.52,3.15,1.42,2.86,3,1.0,1.0,1,1,1,1,4,3,1,1,1,1,5,4,0.8,0.75
1,162,22,4,69.0,5505,861.0,2.0,0.0,1.07,10.0,1.06,7.4,1.07,8.0,1.08,9.85,2.15,1.68,1.09,10.5,1.07,9.0,2,1.0,1.0,1,1,1,1,6,2,1,1,0,4,6,6,1.0,0.3333
1,192,146,36,129.0,1330,466.0,2.0,0.0,1.57,2.37,1.47,2.5,1.53,2.5,1.59,2.5,1.53,2.46,1.61,2.71,1.53,2.5,2,1.0,1.0,1,1,1,1,3,1,1,1,0,4,3,5,1.0,0.2
1,115,210,35,82.0,1340,773.0,2.0,0.0,1.22,4.33,1.19,4.1,1.22,4.33,1.2,5.03,1.1,7.12,1.26,5.03,1.22,4.34,2,1.0,1.0,1,1,1,1,4,0,1,1,2,1,6,1,0.6667,0.0
1,220,59,86,216.0,752,250.0,2.0,0.0,1.2,4.5,1.22,3.8,1.22,4.33,1.27,4.11,5.98,1.12,1.3,4.7,1.24,4.1,2,1.0,1.0,1,1,1,1,3,0,1,1,2,3,5,3,0.6,0.0
1,100,138,34,75.0,1350,813.0,2.0,1.0,2.0,1.8,1.97,1.74,2.0,1.73,2.07,1.83,1.22,4.14,2.2,1.88,2.05,1.77,3,1.0,1.0,0,0,0,0,5,2,1,1,2,2,7,4,0.7143,0.5
1,71,203,10,106.0,4164,647.0,2.0,0.0,1.25,4.0,1.2,4.0,1.2,4.5,1.23,4.59,1.51,2.55,1.3,4.75,1.23,4.16,2,1.0,1.0,1,1,1,1,6,0,1,1,0,4,6,4,1.0,0.0
1,75,114,85,9.0,755,4201.0,2.0,0.0,2.75,1.4,2.8,1.39,2.75,1.44,3.09,1.42,3.1,1.35,3.09,1.48,2.89,1.42,2,0.0,0.0,0,0,0,0,4,2,1,1,2,4,6,6,0.6667,0.3333
1,280,4,87,266.0,751,192.0,2.0,0.0,1.5,2.62,1.47,2.49,1.5,2.62,1.52,2.7,1.06,9.18,1.55,2.75,1.51,2.59,2,1.0,1.0,1,1,1,1,2,0,1,1,1,3,3,3,0.6667,0.0
1,58,21,98,21.0,691,2050.0,2.0,0.0,3.4,1.33,3.2,1.3,3.5,1.3,3.34,1.37,2.6,1.49,3.7,1.37,3.41,1.32,2,0.0,0.0,0,0,0,0,5,1,1,1,2,5,7,6,0.7143,0.1667
1,31,266,51,68.0,1095,865.0,2.0,0.0,1.8,2.0,1.76,1.95,1.8,2.0,1.8,2.11,1.3,3.43,1.9,2.11,1.8,2.0,2,1.0,1.0,1,1,1,1,4,4,0,1,1,3,5,7,0.8,0.5714
1,87,183,67,5.0,870,5382.0,2.0,0.0,8.0,1.1,6.6,1.08,7.5,1.08,8.36,1.1,1.33,3.26,9.0,1.11,7.68,1.09,2,0.0,0.0,0,0,0,0,2,3,0,0,3,4,5,7,0.4,0.4286
1,236,150,136,102.0,433,659.0,2.0,1.0,2.0,1.8,1.99,1.73,2.0,1.8,2.09,1.81,1.49,2.55,2.12,1.85,2.04,1.79,3,0.0,0.0,0,0,0,0,1,5,0,0,1,1,2,6,0.5,0.8333
1,262,107,91,37.0,746,1300.0,2.0,0.0,2.2,1.66,2.07,1.68,2.2,1.67,2.28,1.69,4.54,1.19,2.28,1.79,2.15,1.71,2,0.0,0.0,0,0,0,0,1,1,0,0,3,4,4,5,0.25,0.2
1,193,92,125,110.0,504,601.0,2.0,0.0,2.0,1.8,2.0,1.73,2.0,1.8,2.11,1.8,1.56,2.39,2.17,1.86,2.04,1.78,2,0.0,0.0,0,0,0,0,1,1,0,0,0,5,1,6,1.0,0.1667
1,0,27,57,197.0,1008,280.0,2.0,0.0,1.22,4.33,1.18,4.3,1.2,4.5,1.19,5.32,1.2,4.47,1.24,5.32,1.2,4.62,2,1.0,1.0,1,1,1,1,4,0,1,1,2,1,6,1,0.6667,0.0
1,74,102,20,95.0,2150,725.0,2.0,0.0,1.22,4.33,1.2,4.0,1.22,4.33,1.22,4.74,3.09,1.36,1.25,4.74,1.22,4.33,2,1.0,1.0,1,1,1,1,4,3,1,1,2,1,6,4,0.6667,0.75
1,269,219,23,104.0,1876,648.0,2.0,0.0,1.2,4.5,1.17,4.4,1.2,4.5,1.2,5.11,1.03,12.98,1.23,5.18,1.19,4.71,2,1.0,1.0,1,1,1,1,4,2,1,1,1,2,5,4,0.8,0.5
1,206,151,8,89.0,4550,750.0,2.0,1.0,1.1,8.0,1.08,6.6,1.08,8.0,1.1,8.33,1.45,2.68,1.13,8.66,1.09,7.55,3,1.0,1.0,1,1,1,1,6,2,1,1,0,1,6,3,1.0,0.6667
1,50,252,38,286.0,1274,175.0,2.0,0.0,1.2,4.5,1.17,4.5,1.17,5.0,1.19,5.25,1.55,2.41,1.22,5.3,1.18,4.87,2,1.0,1.0,1,1,1,1,5,1,1,1,1,2,6,3,0.8333,0.3333
1,205,233,54,84.0,1070,761.0,2.0,0.0,2.75,1.44,2.65,1.42,2.75,1.44,3.22,1.39,1.3,3.48,3.22,1.51,2.84,1.43,2,1.0,1.0,0,0,0,0,5,4,1,1,2,2,7,6,0.7143,0.6667
1,149,14,97,45.0,716,1175.0,2.0,0.0,1.66,2.2,1.62,2.15,1.61,2.25,1.58,2.52,1.41,2.86,1.76,2.52,1.65,2.27,2,0.0,0.0,1,1,1,1,3,4,0,0,1,2,4,6,0.75,0.6667
1,62,276,112,19.0,588,2225.0,2.0,1.0,3.2,1.36,3.35,1.28,3.4,1.33,3.82,1.3,1.02,14.19,3.82,1.36,3.44,1.32,3,0.0,0.0,0,0,0,0,3,3,0,0,0,2,3,5,1.0,0.6
1,126,223,13,76.0,2826,791.0,2.0,0.0,1.16,5.0,1.17,4.4,1.2,4.5,1.2,5.03,1.53,2.46,1.22,5.17,1.19,4.75,2,1.0,1.0,1,1,1,1,6,0,1,1,1,2,7,2,0.8571,0.0
1,116,19,33,,1383,,2.0,0.0,1.11,7.0,1.08,6.6,1.1,7.0,1.09,8.93,2.13,1.7,1.13,9.0,1.09,7.55,2,,,1,1,1,1,2,0,1,1,2,1,4,1,0.5,0.0
1,40,124,14,52.0,2825,1083.0,2.0,0.0,1.44,2.75,1.49,2.45,1.5,2.62,1.5,2.76,2.03,1.77,1.56,2.76,1.5,2.62,2,1.0,1.0,1,1,1,1,7,3,1,1,0,2,7,5,1.0,0.6
1,51,185,159,88.0,366,750.0,2.0,1.0,1.9,1.9,1.84,1.86,2.0,1.73,1.94,1.94,1.24,3.93,2.0,1.97,1.91,1.89,3,0.0,0.0,0,0,0,0,1,1,0,0,1,4,2,5,0.5,0.2
1,224,167,74,240.0,814,218.0,2.0,1.0,1.3,3.5,1.28,3.35,1.3,3.5,1.32,3.69,1.49,2.59,1.33,3.75,1.3,3.55,3,1.0,1.0,1,1,1,1,3,1,1,1,2,5,5,6,0.6,0.1667
1,46,229,219,121.0,247,515.0,2.0,0.0,2.37,1.57,2.25,1.57,2.25,1.61,2.38,1.64,1.29,3.53,2.41,1.71,2.32,1.62,2,0.0,0.0,0,0,0,0,1,0,1,1,0,2,1,2,1.0,0.0
1,152,180,107,31.0,646,1446.0,2.0,0.0,2.1,1.72,2.0,1.72,2.1,1.73,2.13,1.79,1.58,2.36,2.15,1.87,2.07,1.77,2,0.0,0.0,0,0,0,0,4,4,0,0,3,3,7,7,0.5714,0.5714
1,259,267,65,64.0,926,930.0,2.0,0.0,1.28,3.75,1.28,3.35,1.28,3.75,1.25,4.36,3.04,1.37,1.32,4.55,1.25,4.03,2,0.0,0.0,1,1,1,1,2,2,0,1,3,3,5,5,0.4,0.4
1,78,246,2,42.0,6935,1200.0,2.0,0.0,1.25,4.0,1.21,3.9,1.25,4.0,1.26,4.29,1.11,6.51,1.3,4.33,1.25,4.04,2,1.0,1.0,1,1,1,1,2,4,0,0,1,1,3,5,0.6667,0.8
1,157,226,71,161.0,844,362.0,2.0,1.0,1.72,2.1,1.73,1.99,1.73,2.1,1.85,2.05,1.48,2.63,1.85,2.32,1.78,2.05,3,1.0,1.0,1,1,1,1,4,0,1,1,0,1,4,1,1.0,0.0
1,64,112,15,358.0,2533,117.0,2.0,0.0,1.57,2.37,1.55,2.31,1.61,2.25,1.55,2.6,1.27,3.64,1.66,2.6,1.58,2.41,2,1.0,1.0,1,1,1,1,2,2,0,1,1,3,3,5,0.6667,0.4
1,15,176,18,100.0,2225,679.0,2.0,0.0,1.36,3.2,1.34,3.0,1.4,3.0,1.4,3.18,1.16,5.15,1.42,3.29,1.38,3.09,2,1.0,1.0,1,1,1,1,2,0,1,1,2,2,4,2,0.5,0.0
1,169,1,39,99.0,1255,687.0,2.0,1.0,2.1,1.72,2.14,1.63,2.2,1.67,2.29,1.69,3.39,1.31,2.31,1.77,2.19,1.69,3,1.0,1.0,0,0,0,0,3,0,1,1,2,3,5,3,0.6,0.0
1,243,158,50,81.0,1120,775.0,2.0,0.0,1.28,3.75,1.22,3.85,1.22,4.33,1.25,4.36,2.2,1.66,1.31,4.8,1.25,4.06,2,1.0,1.0,1,1,1,1,3,1,1,1,4,2,7,3,0.4286,0.3333
1,139,198,6,234.0,5335,229.0,2.0,0.0,1.1,8.0,1.08,6.6,1.07,8.0,1.1,8.33,1.11,6.47,1.11,9.0,1.09,7.8,2,1.0,1.0,1,1,1,1,6,2,1,1,1,2,7,4,0.8571,0.5
1,61,140,80,139.0,776,428.0,2.0,0.0,2.0,1.8,2.02,1.71,2.1,1.73,2.18,1.75,1.48,2.62,2.2,1.83,2.09,1.75,2,1.0,1.0,0,0,0,0,2,1,1,1,3,5,5,6,0.4,0.1667
1,35,209,53,227.0,1078,236.0,2.0,0.0,1.16,5.0,1.17,4.4,1.2,4.5,1.21,5.0,1.07,8.48,1.23,5.2,1.19,4.77,2,1.0,1.0,1,1,1,1,2,0,1,1,1,2,3,2,0.6667,0.0
1,271,30,73,44.0,817,1180.0,2.0,0.0,1.9,1.9,1.8,1.91,1.8,2.0,1.81,2.1,1.44,2.71,1.92,2.1,1.84,1.98,2,0.0,0.0,0,1,1,1,2,3,0,0,3,1,5,4,0.4,0.75
1,257,17,257,61.0,201,951.0,2.0,0.0,3.0,1.4,3.1,1.32,3.0,1.4,3.08,1.42,1.39,2.92,3.42,1.43,3.09,1.37,2,0.0,0.0,0,0,0,0,3,1,1,1,3,2,6,3,0.5,0.3333
1,278,20,202,59.0,273,970.0,2.0,0.0,3.0,1.4,2.75,1.39,3.25,1.36,3.17,1.4,1.19,4.61,3.22,1.45,2.97,1.4,2,0.0,0.0,0,0,0,0,2,3,0,0,1,1,3,4,0.6667,0.75
1,66,73,3,43.0,6010,1193.0,2.0,0.0,1.3,3.5,1.24,3.65,1.3,3.5,1.26,4.25,1.52,2.52,1.33,4.25,1.27,3.81,2,1.0,1.0,1,1,1,1,5,2,1,1,2,4,7,6,0.7143,0.3333
1,47,164,90,105.0,747,647.0,2.0,0.0,1.3,3.5,1.26,3.55,1.28,3.75,1.26,4.21,1.35,3.15,1.34,4.21,1.28,3.71,2,1.0,1.0,1,1,1,1,4,1,1,1,0,2,4,3,1.0,0.3333
1,95,156,25,49.0,1690,1125.0,2.0,1.0,1.53,2.5,1.5,2.41,1.57,2.37,1.54,2.64,1.18,4.75,1.65,2.7,1.54,2.48,3,1.0,1.0,1,1,1,1,2,4,0,0,3,3,5,7,0.4,0.5714
1,281,272,40,77.0,1245,782.0,2.0,1.0,1.53,2.5,1.48,2.47,1.5,2.62,1.53,2.67,1.21,4.46,1.6,2.7,1.51,2.57,3,1.0,1.0,1,1,1,1,5,2,1,1,2,4,7,6,0.7143,0.3333
1,77,117,27,260.0,1605,199.0,2.0,0.0,1.2,4.5,1.19,4.1,1.22,4.33,1.25,4.33,1.47,2.63,1.26,4.76,1.21,4.38,2,1.0,1.0,1,1,1,1,5,1,1,1,2,3,7,4,0.7143,0.25
1,65,34,30,133.0,1513,456.0,2.0,1.0,1.08,9.0,1.06,7.4,1.08,7.5,1.08,9.94,1.08,7.76,1.09,10.44,1.07,8.76,3,1.0,1.0,1,1,1,1,1,1,0,1,0,1,1,2,1.0,0.5
1,184,212,16,92.0,2525,735.0,2.0,1.0,1.12,6.0,1.1,6.0,1.12,6.0,1.12,7.44,2.84,1.42,1.15,7.44,1.12,6.37,3,1.0,1.0,1,1,1,1,6,2,1,1,0,4,6,6,1.0,0.3333
1,6,82,46,245.0,1173,210.0,2.0,0.0,1.08,9.0,1.06,7.0,1.08,8.0,1.09,9.16,1.63,2.24,1.1,9.62,1.07,8.41,2,1.0,1.0,1,1,1,1,4,0,1,1,2,1,6,1,0.6667,0.0
1,247,153,28,58.0,1596,971.0,2.0,0.0,1.53,2.5,1.54,2.31,1.57,2.37,1.5,2.78,12.38,1.03,1.62,2.79,1.52,2.55,2,1.0,1.0,1,1,1,1,5,4,1,1,1,1,6,5,0.8333,0.8
1,118,24,451,70.0,75,845.0,2.0,0.0,1.5,2.62,1.44,2.6,1.5,2.62,1.49,2.79,2.25,1.63,1.5,2.84,1.46,2.72,2,0.0,0.0,1,1,1,1,5,1,1,1,0,5,5,6,1.0,0.1667
1,161,171,55,103.0,1065,658.0,2.0,0.0,1.66,2.2,1.64,2.12,1.61,2.25,1.71,2.25,1.36,3.11,1.73,2.33,1.67,2.21,2,1.0,1.0,1,1,1,1,5,0,1,1,2,2,7,2,0.7143,0.0
1,45,135,22,48.0,2030,1145.0,2.0,0.0,1.22,4.33,1.22,3.9,1.25,4.0,1.25,4.36,1.1,6.69,1.29,4.43,1.24,4.11,2,1.0,1.0,1,1,1,1,5,4,1,1,1,1,6,5,0.8333,0.8
1,69,143,7,111.0,5160,596.0,2.0,0.0,1.05,12.0,1.03,9.0,1.05,10.0,1.05,13.77,1.27,3.67,1.07,14.48,1.04,11.56,2,1.0,1.0,1,1,1,1,7,0,1,1,0,2,7,2,1.0,0.0
1,44,39,17,79.0,2360,780.0,2.0,0.0,1.4,3.0,1.38,2.8,1.4,2.75,1.43,3.01,2.34,1.58,1.44,3.2,1.4,2.95,2,1.0,1.0,1,1,1,1,3,0,1,1,1,2,4,2,0.75,0.0
1,225,98,11,32.0,3090,1445.0,2.0,1.0,1.8,2.0,1.8,1.91,1.8,2.0,1.83,2.07,1.55,2.42,1.92,2.1,1.84,1.97,3,1.0,1.0,1,1,1,1,3,2,1,1,2,2,5,4,0.6,0.5
1,195,270,41,47.0,1202,1165.0,2.0,0.0,2.75,1.44,2.7,1.41,2.75,1.44,3.18,1.4,1.11,6.47,3.18,1.48,2.86,1.43,2,1.0,1.0,0,0,0,0,1,2,0,0,1,2,2,4,0.5,0.5
1,111,163,12,117.0,3040,540.0,2.0,0.0,1.25,4.0,1.21,3.95,1.25,4.0,1.24,4.45,1.92,1.86,1.27,4.51,1.23,4.17,2,1.0,1.0,1,1,1,1,2,0,1,1,5,4,7,4,0.2857,0.0
1,241,245,72,222.0,836,243.0,2.0,0.0,1.22,4.33,1.21,3.95,1.25,4.0,1.23,4.67,1.42,2.79,1.26,4.67,1.22,4.35,2,1.0,1.0,1,1,1,1,3,1,1,1,2,2,5,3,0.6,0.3333
1,37,242,66,94.0,901,732.0,2.0,1.0,2.75,1.44,2.75,1.4,2.75,1.44,2.98,1.44,1.02,17.16,3.08,1.48,2.84,1.43,3,1.0,1.0,0,0,0,0,3,3,0,0,2,2,5,5,0.6,0.6
1,141,232,1,83.0,7270,767.0,2.0,1.0,1.08,9.0,1.06,7.4,1.06,9.0,1.08,10.05,2.16,1.68,1.09,10.24,1.07,8.75,3,1.0,1.0,1,1,1,1,6,1,1,1,0,5,6,6,1.0,0.1667
1,16,111,81,5.0,746,5095.0,2.0,0.0,4.33,1.22,1.61,2.28,1.03,12.63,4.31,1.26,1.71,2.13,4.4,1.26,4.21,1.23,2,0.0,0.0,0,0,0,0,1,2,0,0,1,5,2,7,0.5,0.2857
1,115,106,31,55.0,1615,1010.0,2.0,0.0,1.3,3.5,1.07,8.26,1.78,2.0,1.29,3.91,1.12,6.3,1.33,4.0,1.29,3.65,2,1.0,1.0,1,1,1,1,4,3,1,1,2,2,6,5,0.6667,0.6
1,66,241,19,98.0,2465,640.0,2.0,1.0,1.22,4.33,1.2,4.49,1.63,2.23,1.23,4.63,1.31,3.38,1.36,4.63,1.24,4.14,3,1.0,1.0,1,1,1,1,5,3,1,1,2,2,7,5,0.7143,0.6
1,20,15,172,74.0,338,780.0,2.0,0.0,1.61,2.3,1.03,12.63,1.01,20.79,1.61,2.45,2.7,1.46,1.68,2.45,1.61,2.32,2,0.0,0.0,1,1,1,1,3,2,1,1,1,2,4,4,0.75,0.5
1,242,207,38,56.0,1457,1008.0,2.0,0.0,1.1,7.0,1.78,2.0,1.82,1.95,1.09,8.96,1.12,6.32,1.11,10.0,1.08,7.84,2,1.0,1.0,1,1,1,1,3,0,1,1,2,1,5,1,0.6,0.0
1,117,73,203,101.0,284,617.0,2.0,0.0,2.37,1.57,1.63,2.23,2.91,1.4,2.33,1.67,2.59,1.5,3.15,1.67,2.51,1.53,2,0.0,0.0,0,0,0,0,1,2,0,0,3,4,4,6,0.25,0.3333
1,112,90,95,167.0,649,351.0,2.0,0.0,1.4,3.0,1.01,20.79,1.33,3.27,1.43,3.01,1.21,4.46,1.44,3.21,1.41,2.94,2,1.0,1.0,1,1,1,1,2,0,1,1,3,1,5,1,0.4,0.0
1,87,271,67,85.0,840,702.0,2.0,0.0,2.37,1.57,1.82,1.95,1.61,2.27,2.47,1.6,1.15,5.53,2.5,1.64,2.39,1.58,2,1.0,1.0,0,0,0,0,2,2,0,0,3,3,5,5,0.4,0.4
1,157,209,15,185.0,2893,302.0,2.0,0.0,1.06,10.0,2.91,1.4,1.59,2.33,1.07,10.91,2.27,1.63,1.08,11.25,1.06,9.78,2,1.0,1.0,1,1,1,1,4,0,1,1,0,2,4,2,1.0,0.0
1,180,257,53,82.0,1090,737.0,2.0,0.0,1.2,4.5,1.33,3.27,1.11,6.57,1.25,4.39,1.61,2.31,1.25,4.9,1.22,4.34,2,1.0,1.0,1,1,1,1,4,3,1,1,3,3,7,6,0.5714,0.5
1,139,142,2,91.0,5685,667.0,2.0,0.0,1.07,9.0,1.61,2.27,1.52,2.5,1.06,11.38,6.77,1.1,1.08,11.38,1.06,9.35,2,1.0,1.0,1,1,1,1,6,3,1,1,1,4,7,7,0.8571,0.4286
1,208,6,75,54.0,778,1090.0,2.0,1.0,2.2,1.66,1.59,2.33,2.08,1.72,2.4,1.63,1.35,3.2,2.4,1.69,2.29,1.63,3,0.0,0.0,0,0,0,0,1,4,0,0,4,2,5,6,0.2,0.6667
1,162,114,9,52.0,3967,1105.0,2.0,0.0,1.5,2.62,1.11,6.57,2.44,1.54,1.5,2.76,1.37,3.04,1.51,3.0,1.45,2.77,2,1.0,1.0,1,1,1,1,6,2,1,1,0,4,6,6,1.0,0.3333
1,71,131,7,108.0,4552,601.0,2.0,0.0,1.08,8.0,1.52,2.5,1.07,8.13,1.08,9.95,1.86,1.94,1.11,9.95,1.08,8.4,2,1.0,1.0,1,1,1,1,6,0,1,1,0,6,6,6,1.0,0.0
1,124,225,88,18.0,680,2520.0,2.0,0.0,1.9,1.9,2.08,1.72,4.21,1.22,1.94,1.94,2.25,1.63,2.04,1.96,1.94,1.87,2,0.0,0.0,0,0,0,0,3,3,0,0,2,2,5,5,0.6,0.6
1,67,24,111,112.0,585,573.0,2.0,0.0,1.9,1.9,2.44,1.54,1.17,4.9,1.99,1.9,1.39,2.98,2.0,1.96,1.91,1.9,2,1.0,1.0,0,0,0,0,1,1,0,0,4,5,5,6,0.2,0.1667
1,280,100,46,48.0,1205,1155.0,2.0,0.0,1.66,2.2,1.07,8.13,2.28,1.61,1.79,2.13,1.13,6.01,1.8,2.3,1.73,2.12,2,1.0,1.0,1,1,1,1,2,5,0,0,1,2,3,7,0.6667,0.7143
1,217,105,457,102.0,64,616.0,2.0,0.0,3.5,1.3,4.21,1.22,1.08,7.75,3.61,1.33,1.76,2.05,3.75,1.35,3.46,1.31,2,0.0,0.0,0,0,0,0,2,0,1,1,2,1,4,1,0.5,0.0
1,79,78,68,13.0,839,3063.0,2.0,1.0,2.1,1.72,1.17,4.9,1.78,1.99,2.02,1.87,1.96,1.83,2.13,1.87,2.02,1.8,3,0.0,0.0,0,0,0,0,4,2,1,1,0,1,4,3,1.0,0.6667
1,21,165,26,147.0,1785,400.0,2.0,0.0,1.2,4.5,2.28,1.61,1.44,2.73,1.22,4.79,1.24,4.04,1.24,5.0,1.2,4.58,2,1.0,1.0,1,1,1,1,1,0,1,1,5,1,6,1,0.1667,0.0
1,45,224,4,66.0,5405,844.0,2.0,0.0,1.06,10.0,1.08,7.75,1.87,1.89,1.07,10.68,1.28,3.65,1.08,12.5,1.06,9.53,2,1.0,1.0,1,1,1,1,5,3,1,1,1,2,6,5,0.8333,0.6
1,220,256,80,103.0,753,616.0,2.0,1.0,1.44,2.75,1.78,1.99,1.23,4.11,1.39,3.25,1.03,12.58,1.46,3.25,1.41,2.94,3,1.0,1.0,1,1,1,1,3,0,1,1,2,2,5,2,0.6,0.0
1,156,258,84,131.0,709,457.0,2.0,1.0,2.0,1.8,1.44,2.73,3.63,1.28,2.13,1.78,2.17,1.68,2.25,1.85,2.06,1.77,3,1.0,1.0,0,0,0,0,4,2,1,1,3,2,7,4,0.5714,0.5
1,44,268,8,72.0,4420,806.0,2.0,0.0,1.08,8.0,1.87,1.89,1.22,4.11,1.08,9.67,1.6,2.31,1.1,9.67,1.08,8.17,2,1.0,1.0,1,1,1,1,3,2,1,1,1,2,4,4,0.75,0.5
1,153,161,71,34.0,809,1550.0,2.0,1.0,1.72,2.1,1.23,4.11,2.61,1.48,1.79,2.13,1.21,4.41,1.8,2.2,1.72,2.13,3,0.0,0.0,1,1,1,1,4,5,0,0,1,2,5,7,0.8,0.7143
1,252,247,100,44.0,626,1245.0,2.0,0.0,2.62,1.5,3.63,1.28,1.34,3.18,2.8,1.49,1.07,8.61,2.8,1.53,2.65,1.49,2,0.0,0.0,0,0,0,0,1,5,0,0,2,1,3,6,0.3333,0.8333
1,77,212,50,129.0,1120,466.0,2.0,0.0,2.37,1.57,1.22,4.11,2.18,1.67,2.36,1.65,3.08,1.37,2.5,1.65,2.38,1.59,2,1.0,1.0,0,0,0,0,5,2,1,1,2,4,7,6,0.7143,0.3333
1,276,176,12,107.0,3136,604.0,2.0,0.0,1.08,8.0,2.61,1.48,1.65,2.23,1.08,9.33,1.25,3.95,1.1,10.2,1.07,8.45,2,1.0,1.0,1,1,1,1,3,0,1,1,2,2,5,2,0.6,0.0
1,243,23,24,159.0,1940,369.0,2.0,0.0,1.16,5.0,1.34,3.18,3.05,1.37,1.19,5.2,1.5,2.6,1.25,5.2,1.21,4.5,2,1.0,1.0,1,1,1,1,3,0,1,1,4,3,7,3,0.4286,0.0
1,249,41,514,92.0,45,665.0,2.0,0.0,2.2,1.66,2.18,1.67,1.29,3.51,2.54,1.57,3.34,1.32,2.54,1.69,2.34,1.6,2,0.0,0.0,0,0,0,0,4,2,1,1,2,2,6,4,0.6667,0.5
1,184,190,20,60.0,2305,970.0,2.0,1.0,1.44,2.75,1.65,2.23,1.38,2.99,1.49,2.81,1.08,7.87,1.5,2.82,1.47,2.71,3,1.0,1.0,1,1,1,1,6,2,1,1,0,2,6,4,1.0,0.5
1,149,58,63,28.0,912,1690.0,2.0,0.0,2.1,1.72,3.05,1.37,1.44,2.75,2.33,1.67,1.1,7.07,2.33,1.75,2.19,1.69,2,0.0,0.0,0,0,0,0,3,5,0,0,1,2,4,7,0.75,0.7143
1,31,85,99,289.0,630,173.0,2.0,0.0,1.12,6.0,1.29,3.51,1.39,2.95,1.15,6.13,1.37,3.06,1.18,6.5,1.14,5.79,2,1.0,1.0,1,1,1,1,4,0,1,1,1,1,5,1,0.8,0.0
1,269,189,29,32.0,1672,1579.0,2.0,1.0,2.2,1.66,1.38,2.99,1.57,2.37,2.16,1.77,1.18,4.85,2.23,1.77,2.13,1.72,3,1.0,1.0,0,0,0,0,4,0,1,1,1,3,5,3,0.8,0.0
1,246,267,36,57.0,1512,1005.0,2.0,0.0,1.28,3.75,1.44,2.75,1.38,2.97,1.3,3.84,1.1,7.21,1.31,4.05,1.29,3.64,2,1.0,1.0,1,1,1,1,4,2,1,1,1,3,5,5,0.8,0.4
1,150,116,58,33.0,988,1575.0,2.0,0.0,2.75,1.44,1.39,2.95,1.49,2.58,2.6,1.55,1.28,3.64,2.85,1.55,2.72,1.46,2,0.0,0.0,0,0,0,0,5,2,1,1,1,2,6,4,0.8333,0.5
1,152,232,69,62.0,825,933.0,2.0,1.0,1.57,2.37,1.57,2.37,1.35,3.14,1.65,2.36,2.22,1.65,1.67,2.41,1.61,2.33,3,0.0,0.0,1,1,1,1,4,1,1,1,3,5,7,6,0.5714,0.1667
1,42,54,137,78.0,423,760.0,2.0,0.0,2.0,1.8,1.38,2.97,1.18,4.86,1.81,2.1,1.44,2.76,2.05,2.15,1.83,1.98,2,0.0,0.0,0,1,1,1,1,0,1,1,1,1,2,1,0.5,0.0
1,47,29,96,40.0,648,1355.0,2.0,0.0,2.75,1.44,1.49,2.58,1.23,4.11,2.7,1.52,1.7,2.14,2.8,1.54,2.64,1.49,2,0.0,0.0,0,0,0,0,4,4,0,0,0,1,4,5,1.0,0.8
1,118,94,10,83.0,3521,731.0,2.0,1.0,1.14,5.5,1.35,3.14,1.02,15.97,1.14,6.31,1.3,3.52,1.2,6.4,1.14,5.71,3,1.0,1.0,1,1,1,1,5,0,1,1,0,3,5,3,1.0,0.0
1,102,18,35,164.0,1513,355.0,2.0,1.0,1.25,4.0,1.18,4.86,2.26,1.62,1.25,4.31,2.05,1.77,1.27,4.31,1.25,4.01,3,1.0,1.0,1,1,1,1,3,0,1,1,1,1,4,1,0.75,0.0
1,14,92,25,79.0,1825,759.0,2.0,1.0,1.36,3.2,1.23,4.11,1.53,2.49,1.46,2.91,2.22,1.65,1.46,3.2,1.41,2.92,3,1.0,1.0,1,1,1,1,4,1,1,1,2,5,6,6,0.6667,0.1667
1,40,186,21,210.0,2150,279.0,2.0,0.0,1.2,4.5,1.02,15.97,1.04,11.26,1.27,4.18,3.85,1.26,1.27,4.8,1.23,4.19,2,1.0,1.0,1,1,1,1,7,2,1,1,0,2,7,4,1.0,0.5
1,281,216,116,106.0,554,605.0,2.0,0.0,1.14,5.5,2.26,1.62,1.24,3.99,1.17,5.85,3.42,1.32,1.18,6.75,1.15,5.48,2,0.0,0.0,1,1,1,1,5,0,1,1,2,3,7,3,0.7143,0.0
1,218,259,59,64.0,983,910.0,2.0,0.0,1.28,3.75,1.53,2.49,1.29,3.57,1.32,3.66,1.61,2.32,1.32,3.85,1.29,3.63,2,1.0,1.0,1,1,1,1,3,2,1,1,1,3,4,5,0.75,0.4
1,119,38,23,118.0,1973,544.0,2.0,1.0,1.36,3.2,1.04,11.26,1.13,5.9,1.3,3.85,5.41,1.15,1.36,3.85,1.32,3.39,3,1.0,1.0,1,1,1,1,2,1,1,1,1,3,3,4,0.6667,0.25
1,248,36,73,17.0,783,2565.0,2.0,1.0,2.37,1.57,1.24,3.99,1.15,5.26,2.36,1.65,2.18,1.68,2.5,1.7,2.33,1.61,3,0.0,0.0,0,0,0,0,3,3,0,0,1,4,4,7,0.75,0.4286
1,221,274,51,265.0,1110,205.0,2.0,0.0,1.08,8.0,1.29,3.57,1.58,2.36,1.09,8.68,1.64,2.25,1.1,9.3,1.08,7.82,2,1.0,1.0,1,1,1,1,3,1,1,1,2,3,5,4,0.6,0.25
1,69,163,22,86.0,2055,699.0,2.0,0.0,1.25,4.0,1.13,5.9,1.57,2.37,1.27,4.19,9.16,1.06,1.28,4.22,1.25,4.0,2,1.0,1.0,1,1,1,1,7,0,1,1,0,4,7,4,1.0,0.0
1,233,183,43,39.0,1260,1432.0,2.0,0.0,1.25,4.0,1.15,5.26,1.23,4.12,1.29,3.95,1.09,7.52,1.3,4.4,1.26,3.91,2,0.0,0.0,1,1,1,1,4,3,1,1,2,4,6,7,0.6667,0.4286
1,196,125,117,65.0,547,908.0,2.0,1.0,1.57,2.37,1.58,2.36,1.56,2.38,1.63,2.41,1.13,5.89,1.7,2.45,1.61,2.33,3,0.0,0.0,1,1,1,1,1,0,1,1,2,4,3,4,0.3333,0.0
1,266,167,87,166.0,695,353.0,2.0,1.0,2.0,1.8,1.57,2.37,2.53,1.51,1.94,1.94,1.49,2.61,2.11,2.01,1.97,1.84,3,1.0,1.0,0,0,0,0,4,1,1,1,3,5,7,6,0.5714,0.1667
1,238,229,238,105.0,238,605.0,2.0,1.0,1.57,2.37,1.23,4.12,1.07,8.53,1.65,2.37,1.78,2.02,1.75,2.44,1.62,2.3,3,0.0,0.0,1,1,1,1,3,0,1,1,1,2,4,2,0.75,0.0
1,74,272,1,90.0,6486,672.0,2.0,1.0,1.07,9.0,1.56,2.38,2.69,1.45,1.09,8.72,1.14,5.64,1.11,9.3,1.09,7.7,3,1.0,1.0,1,1,1,1,4,2,1,1,2,4,6,6,0.6667,0.3333
1,135,98,11,41.0,3505,1333.0,2.0,0.0,1.57,2.37,2.53,1.51,1.1,6.83,1.58,2.52,2.0,1.8,1.64,2.52,1.59,2.37,2,1.0,1.0,1,1,1,1,4,2,1,1,1,2,5,4,0.8,0.5
1,228,107,132,148.0,448,398.0,2.0,1.0,2.75,1.44,1.07,8.53,1.42,2.8,2.81,1.49,1.48,2.62,2.9,1.51,2.73,1.46,3,1.0,1.0,0,0,0,0,1,1,0,0,0,4,1,5,1.0,0.2
1,75,146,16,45.0,2812,1210.0,2.0,0.0,1.44,2.75,2.69,1.45,2.29,1.61,1.44,3.0,1.07,8.89,1.48,3.05,1.43,2.82,2,1.0,1.0,1,1,1,1,4,1,1,1,2,4,6,5,0.6667,0.2
1,169,177,27,77.0,1767,761.0,2.0,0.0,1.44,2.75,1.1,6.83,1.04,11.66,1.41,3.11,1.26,3.89,1.48,3.11,1.43,2.84,2,1.0,1.0,1,1,1,1,3,3,0,1,2,1,5,4,0.6,0.75
1,270,95,76,61.0,770,936.0,1.0,0.0,2.75,1.44,1.42,2.8,1.42,2.82,2.86,1.47,1.28,3.66,2.86,1.5,2.73,1.46,1,0.0,0.0,0,0,0,0,2,2,0,0,2,3,4,5,0.5,0.4
1,126,148,14,70.0,2965,820.0,2.0,0.0,1.06,10.0,2.29,1.61,1.54,2.43,1.08,9.69,1.39,3.0,1.09,13.0,1.07,9.14,2,1.0,1.0,1,1,1,1,6,0,1,1,1,2,7,2,0.8571,0.0
1,141,22,3,47.0,5533,1168.0,2.0,1.0,1.12,6.0,1.04,11.66,1.26,3.81,1.13,6.83,1.3,3.5,1.15,7.0,1.13,6.23,3,1.0,1.0,1,1,1,1,6,2,1,1,0,4,6,6,1.0,0.3333
1,215,80,104,,613,,2.0,0.0,1.02,17.0,1.42,2.82,1.11,6.38,1.04,15.76,1.15,5.55,1.05,21.0,1.03,13.6,2,,,1,1,1,1,4,0,1,1,0,1,4,1,1.0,0.0
1,205,264,42,141.0,1277,417.0,2.0,0.0,1.44,2.75,1.54,2.43,2.25,1.62,1.55,2.6,6.25,1.12,1.55,2.8,1.48,2.66,2,1.0,1.0,1,1,1,1,5,3,1,1,2,1,7,4,0.7143,0.75
1,50,200,30,,1642,,2.0,0.0,1.02,17.0,1.26,3.81,1.13,5.81,1.01,27.48,1.09,7.41,1.03,27.48,1.02,17.18,2,,,1,1,1,1,5,0,1,1,1,1,6,1,0.8333,0.0
1,233,103,14,73.0,3122,932.0,2.0,0.0,1.1,7.0,1.06,8.94,1.61,2.27,1.12,7.26,1.15,5.41,1.13,8.0,1.11,6.78,2,1.0,1.0,1,1,1,1,4,2,1,1,2,3,6,5,0.6667,0.4
1,41,196,134,59.0,529,1104.0,2.0,1.0,4.0,1.25,1.5,2.57,1.04,11.01,3.77,1.31,1.42,2.86,4.3,1.31,3.98,1.25,3,0.0,0.0,0,0,0,0,2,1,1,1,2,2,4,3,0.5,0.3333
1,124,38,106,46.0,656,1314.0,2.0,1.0,2.2,1.66,1.38,2.99,1.01,21.57,2.41,1.63,1.07,9.0,2.46,1.72,2.29,1.63,3,0.0,0.0,0,0,0,0,3,1,1,1,2,3,5,4,0.6,0.25
1,150,122,31,124.0,1775,586.0,2.0,0.0,1.1,7.0,1.61,2.27,2.14,1.69,1.11,7.9,1.53,2.5,1.14,8.55,1.1,7.17,2,1.0,1.0,1,1,1,1,5,0,1,1,1,1,6,1,0.8333,0.0
1,197,249,189,55.0,349,1133.0,2.0,0.0,4.0,1.25,1.04,11.01,2.61,1.48,4.23,1.26,1.22,4.34,4.5,1.3,4.03,1.24,2,0.0,0.0,0,0,0,0,1,4,0,0,1,2,2,6,0.5,0.6667
1,50,22,24,64.0,2240,1035.0,2.0,0.0,1.25,4.0,1.01,21.57,1.13,5.83,1.27,4.13,1.24,4.1,1.29,4.2,1.26,3.93,2,1.0,1.0,1,1,1,1,5,2,1,1,1,4,6,6,0.8333,0.3333
1,184,125,20,122.0,2490,601.0,2.0,0.0,1.06,10.0,2.14,1.69,1.49,2.59,1.06,11.51,2.05,1.77,1.07,13.0,1.05,10.31,2,1.0,1.0,1,1,1,1,6,0,1,1,0,4,6,4,1.0,0.0
1,141,208,2,70.0,7255,945.0,2.0,0.0,1.05,11.0,2.61,1.48,2.99,1.38,1.05,13.31,1.23,4.16,1.07,14.5,1.04,11.45,2,1.0,1.0,1,1,1,1,6,1,1,1,0,4,6,5,1.0,0.2
1,161,240,96,104.0,738,680.0,2.0,1.0,1.53,2.5,1.13,5.83,2.4,1.56,1.57,2.54,2.89,1.42,1.62,2.55,1.56,2.44,3,1.0,1.0,1,1,1,1,5,0,1,1,2,2,7,2,0.7143,0.0
1,272,114,161,75.0,427,929.0,2.0,0.0,1.61,2.3,1.49,2.59,1.06,9.23,1.75,2.19,1.51,2.59,1.75,2.47,1.65,2.26,2,0.0,0.0,1,1,1,1,2,2,0,1,4,4,6,6,0.3333,0.3333
1,69,36,45,21.0,1325,2330.0,2.0,1.0,3.5,1.3,2.99,1.38,2.16,1.67,3.77,1.31,3.41,1.32,3.77,1.34,3.52,1.3,3,0.0,0.0,0,0,0,0,7,3,1,1,0,4,7,7,1.0,0.4286
1,281,277,72,54.0,932,1164.0,2.0,1.0,2.37,1.57,2.4,1.56,2.36,1.57,2.5,1.59,1.8,2.0,2.63,1.61,2.42,1.57,3,0.0,0.0,0,0,0,0,5,1,1,1,2,1,7,2,0.7143,0.5
1,29,212,37,183.0,1570,359.0,2.0,0.0,1.53,2.5,1.06,9.23,1.12,6.01,1.6,2.47,7.68,1.09,1.61,2.57,1.56,2.44,2,1.0,1.0,1,1,1,1,4,2,1,1,1,4,5,6,0.8,0.3333
1,99,0,159,74.0,429,930.0,1.0,0.0,2.62,1.5,2.16,1.67,1.04,10.96,2.88,1.47,2.04,1.79,2.9,1.51,2.71,1.47,1,0.0,0.0,0,0,0,0,3,4,0,0,0,2,3,6,1.0,0.6667
1,3,21,51,13.0,1234,3152.0,2.0,0.0,2.3,1.61,2.36,1.57,1.7,2.12,2.34,1.66,2.15,1.71,2.38,1.76,2.23,1.66,2,0.0,0.0,0,0,0,0,3,1,1,1,0,5,3,6,1.0,0.1667
1,58,259,27,79.0,1955,878.0,2.0,0.0,1.12,6.0,1.12,6.01,1.57,2.38,1.15,6.15,2.04,1.78,1.17,7.0,1.13,6.02,2,1.0,1.0,1,1,1,1,5,2,1,1,2,3,7,5,0.7143,0.4
1,188,145,131,111.0,545,636.0,2.0,0.0,1.2,4.5,1.04,10.96,1.14,5.57,1.22,4.82,1.2,4.62,1.25,4.85,1.2,4.49,2,0.0,0.0,1,1,1,1,1,0,1,1,1,3,2,3,0.5,0.0
1,95,189,785,28.0,26,1925.0,2.0,0.0,4.5,1.2,1.7,2.12,1.31,3.35,4.76,1.22,1.22,4.33,4.8,1.28,4.44,1.21,2,0.0,0.0,0,0,0,0,2,0,1,1,3,3,5,3,0.4,0.0
1,177,191,168,108.0,411,643.0,2.0,0.0,1.36,3.2,1.57,2.38,1.03,13.47,1.35,3.48,1.19,4.71,1.4,3.55,1.34,3.27,2,0.0,0.0,1,1,1,1,3,0,1,1,1,2,4,2,0.75,0.0
1,198,178,117,91.0,618,761.0,2.0,0.0,1.33,3.4,1.14,5.57,1.51,2.53,1.36,3.41,1.09,7.55,1.37,3.45,1.34,3.28,2,0.0,0.0,1,1,1,1,2,0,1,1,2,2,4,2,0.5,0.0
1,206,140,11,118.0,3736,614.0,2.0,0.0,1.11,6.5,1.31,3.35,1.07,8.56,1.1,8.19,1.18,4.87,1.13,8.19,1.11,6.67,2,1.0,1.0,1,1,1,1,6,1,1,1,0,5,6,6,1.0,0.1667
1,271,53,61,171.0,1075,400.0,2.0,0.0,1.53,2.5,1.03,13.47,5.23,1.15,1.5,2.76,2.84,1.43,1.62,2.76,1.52,2.56,2,1.0,1.0,1,1,1,1,2,1,1,1,3,1,5,2,0.4,0.5
1,186,42,94,97.0,755,726.0,2.0,0.0,1.9,1.9,1.51,2.53,2.08,1.73,2.0,1.89,1.65,2.27,2.1,1.93,1.95,1.86,2,1.0,1.0,0,0,0,0,2,1,1,1,2,1,4,2,0.5,0.5
1,138,218,150,98.0,446,722.0,2.0,0.0,1.61,2.3,1.07,8.56,1.7,2.13,1.61,2.45,3.44,1.32,1.64,2.45,1.6,2.34,2,0.0,0.0,1,1,1,1,2,3,0,0,2,1,4,4,0.5,0.75
1,45,104,8,112.0,4335,633.0,2.0,1.0,1.14,5.5,5.23,1.15,1.86,1.9,1.17,5.84,1.19,4.75,1.19,6.25,1.16,5.36,3,1.0,1.0,1,1,1,1,5,0,1,1,1,2,6,2,0.8333,0.0
1,205,67,62,68.0,1045,967.0,2.0,0.0,1.25,4.0,2.08,1.73,1.56,2.39,1.25,4.33,1.09,7.55,1.26,4.75,1.23,4.13,2,1.0,1.0,1,1,1,1,5,1,1,1,2,4,7,5,0.7143,0.2
1,265,152,157,95.0,430,750.0,2.0,0.0,1.57,2.37,1.7,2.13,1.2,4.46,1.54,2.62,1.5,2.62,1.62,2.68,1.53,2.51,2,0.0,0.0,1,1,1,1,3,4,0,0,0,3,3,7,1.0,0.5714
1,185,248,81,26.0,857,1982.0,2.0,0.0,4.5,1.2,1.86,1.9,1.37,3.02,4.21,1.26,1.91,1.89,4.7,1.27,4.17,1.23,2,0.0,0.0,0,0,0,0,1,3,0,0,4,1,5,4,0.2,0.75
1,247,73,38,33.0,1570,1631.0,2.0,1.0,2.37,1.57,1.56,2.39,1.36,3.06,2.45,1.61,1.3,3.55,2.5,1.65,2.36,1.59,3,0.0,0.0,0,0,0,0,5,2,1,1,1,4,6,6,0.8333,0.3333
1,221,160,29,123.0,1905,601.0,2.0,0.0,1.14,5.5,1.2,4.46,2.18,1.66,1.22,4.84,2.32,1.62,1.22,5.7,1.18,4.96,2,1.0,1.0,1,1,1,1,3,0,1,1,2,1,5,1,0.6,0.0
1,118,230,9,102.0,4080,698.0,2.0,0.0,1.07,9.0,1.37,3.02,1.43,2.77,1.09,8.99,2.07,1.77,1.12,10.2,1.08,8.23,2,1.0,1.0,1,1,1,1,5,0,1,1,0,1,5,1,1.0,0.0
1,162,109,5,89.0,4740,778.0,2.0,0.0,1.12,6.0,1.36,3.06,1.29,3.57,1.18,5.41,1.25,4.03,1.19,6.0,1.16,5.17,2,1.0,1.0,1,1,1,1,6,2,1,1,0,1,6,3,1.0,0.6667
1,14,222,63,143.0,1035,470.0,2.0,0.0,2.1,1.72,2.18,1.66,1.12,5.97,2.2,1.74,1.25,4.04,2.2,1.8,2.13,1.72,2,1.0,1.0,0,0,0,0,4,0,1,1,2,1,6,1,0.6667,0.0
1,215,242,53,19.0,1200,2538.0,2.0,0.0,2.5,1.53,1.43,2.77,1.1,6.91,2.21,1.74,1.78,2.05,2.5,1.74,2.35,1.6,2,0.0,0.0,0,0,0,0,4,3,1,1,0,2,4,5,1.0,0.6
1,166,132,178,522.0,378,71.0,2.0,0.0,1.22,4.33,1.29,3.57,1.17,4.95,1.19,5.31,1.58,2.41,1.23,5.4,1.19,4.68,2,1.0,1.0,1,1,1,1,1,1,0,1,0,2,1,3,1.0,0.3333
1,66,190,15,82.0,3016,840.0,2.0,1.0,1.1,7.0,1.12,5.97,1.1,6.59,1.09,9.27,1.38,3.09,1.11,10.2,1.08,8.16,3,1.0,1.0,1,1,1,1,5,2,1,1,2,2,7,4,0.7143,0.5
1,77,126,40,16.0,1475,2962.0,2.0,0.0,3.2,1.36,1.1,6.91,1.38,2.97,3.07,1.42,2.19,1.69,3.25,1.42,3.06,1.38,2,0.0,0.0,0,0,0,0,5,6,0,0,2,1,7,7,0.7143,0.8571
1,88,1,58,116.0,1105,618.0,2.0,0.0,1.16,5.0,1.17,4.95,1.08,7.61,1.25,4.41,1.25,4.06,1.25,5.5,1.22,4.31,2,1.0,1.0,1,1,1,1,1,0,1,1,2,3,3,3,0.3333,0.0
1,258,111,103,22.0,693,2271.0,2.0,0.0,2.1,1.72,1.1,6.59,10.49,1.05,2.17,1.76,1.09,7.8,2.35,1.85,2.17,1.7,2,0.0,0.0,0,0,0,0,2,2,0,0,2,5,4,7,0.5,0.2857
1,100,167,52,184.0,1230,359.0,2.0,0.0,1.1,7.0,1.38,2.97,1.3,3.49,1.15,6.29,2.09,1.75,1.15,7.95,1.1,6.88,2,1.0,1.0,1,1,1,1,5,1,1,1,2,5,7,6,0.7143,0.1667
1,55,266,100,36.0,714,1573.0,2.0,1.0,2.1,1.72,1.08,7.61,1.79,2.0,2.29,1.68,1.19,4.77,2.3,1.73,2.19,1.68,3,0.0,0.0,0,0,0,0,3,4,0,0,0,3,3,7,1.0,0.5714
1,153,217,47,304.0,1310,186.0,2.0,0.0,1.12,6.0,10.49,1.05,1.06,8.75,1.15,6.35,1.84,1.98,1.15,6.6,1.13,5.91,2,1.0,1.0,1,1,1,1,4,2,1,1,1,2,5,4,0.8,0.5
1,24,280,69,90.0,960,775.0,2.0,0.0,1.44,2.75,1.3,3.49,1.33,3.24,1.56,2.56,3.09,1.37,1.6,2.75,1.52,2.56,2,1.0,1.0,1,1,1,1,1,2,0,0,5,1,6,3,0.1667,0.6667
1,227,203,415,67.0,109,971.0,2.0,1.0,4.33,1.22,1.79,2.0,1.64,2.22,4.43,1.25,2.97,1.4,4.55,1.25,4.2,1.23,3,0.0,0.0,0,0,0,0,1,0,1,1,2,4,3,4,0.3333,0.0
1,244,134,84,119.0,838,605.0,2.0,0.0,4.33,1.22,1.06,8.75,2.13,1.7,4.2,1.26,1.27,3.81,4.36,1.3,4.0,1.25,2,1.0,1.0,0,0,0,0,2,1,1,1,2,2,4,3,0.5,0.3333
1,183,142,43,77.0,1360,906.0,2.0,0.0,1.28,3.75,1.33,3.24,1.38,2.96,1.29,3.94,1.28,3.71,1.32,4.0,1.28,3.71,2,1.0,1.0,1,1,1,1,3,3,0,1,4,4,7,7,0.4286,0.4286
1,139,199,4,172.0,5205,400.0,2.0,1.0,1.14,5.5,1.64,2.22,1.25,3.89,1.13,6.92,1.54,2.48,1.16,7.0,1.13,6.13,3,1.0,1.0,1,1,1,1,6,1,1,1,1,1,7,2,0.8571,0.5
1,6,149,65,50.0,1035,1255.0,2.0,1.0,1.72,2.1,2.13,1.7,1.81,1.97,1.7,2.27,1.51,2.57,1.75,2.3,1.68,2.19,3,0.0,0.0,1,1,1,1,4,3,1,1,2,1,6,4,0.6667,0.75
1,37,107,93,107.0,755,650.0,2.0,0.0,1.36,3.2,1.38,2.96,1.25,3.83,1.38,3.27,1.21,4.38,1.4,3.35,1.36,3.14,2,1.0,1.0,1,1,1,1,3,1,1,1,2,4,5,5,0.6,0.2
1,129,220,187,25.0,354,2165.0,2.0,1.0,3.0,1.4,1.25,3.89,1.08,7.55,2.93,1.45,1.07,8.76,3.23,1.45,2.96,1.4,3,0.0,0.0,0,0,0,0,2,3,0,0,0,2,2,5,1.0,0.6
1,246,7,57,141.0,1115,480.0,2.0,1.0,1.9,1.9,1.81,1.97,3.86,1.25,1.99,1.89,1.12,6.37,2.07,1.93,1.95,1.86,3,1.0,1.0,0,0,0,0,4,0,1,1,1,3,5,3,0.8,0.0
1,264,156,18,83.0,2546,839.0,2.0,0.0,1.22,4.33,1.25,3.83,2.36,1.58,1.24,4.47,1.07,8.41,1.29,4.55,1.23,4.2,2,1.0,1.0,1,1,1,1,3,4,0,0,1,3,4,7,0.75,0.5714
1,102,23,6,125.0,4700,576.0,2.0,1.0,1.3,3.5,1.08,7.55,1.56,2.39,1.29,3.9,1.52,2.55,1.33,3.9,1.29,3.58,3,1.0,1.0,1,1,1,1,3,0,1,1,1,3,4,3,0.75,0.0
1,234,243,142,30.0,479,1880.0,2.0,0.0,3.0,1.4,3.86,1.25,2.82,1.42,3.02,1.43,1.46,2.72,3.02,1.48,2.85,1.43,2,0.0,0.0,0,0,0,0,1,3,0,0,2,4,3,7,0.3333,0.4286
1,112,180,66,44.0,971,1335.0,2.0,0.0,1.66,2.2,2.36,1.58,1.41,2.85,1.8,2.11,1.67,2.21,1.8,2.27,1.69,2.16,2,0.0,0.0,1,1,1,1,2,4,0,0,3,3,5,7,0.4,0.5714
1,106,31,35,76.0,1573,918.0,2.0,1.0,1.28,3.75,1.56,2.39,1.94,1.82,1.27,4.1,1.24,4.11,1.32,4.5,1.25,3.98,3,1.0,1.0,1,1,1,1,3,4,0,0,2,1,5,5,0.6,0.8
1,257,61,49,56.0,1267,1130.0,2.0,0.0,1.2,4.5,2.82,1.42,1.07,8.1,1.21,4.91,1.04,11.56,1.23,4.95,1.2,4.57,2,1.0,1.0,1,1,1,1,3,2,1,1,3,3,6,5,0.5,0.4
1,89,87,87,99.0,798,718.0,2.0,1.0,1.57,2.37,1.41,2.85,2.08,1.73,1.56,2.57,1.4,2.95,1.62,2.6,1.55,2.47,3,1.0,1.0,1,1,1,1,3,2,1,1,0,3,3,5,1.0,0.4
1,225,232,41,23.0,1423,2256.0,2.0,1.0,2.37,1.57,1.94,1.82,1.24,3.98,2.37,1.65,1.84,1.97,2.41,1.67,2.33,1.61,3,0.0,0.0,0,0,0,0,3,1,1,1,2,5,5,6,0.6,0.1667
1,71,94,34,115.0,1573,619.0,2.0,0.0,1.14,5.5,1.07,8.1,1.09,7.3,1.15,6.23,2.86,1.43,1.17,6.4,1.14,5.69,2,1.0,1.0,1,1,1,1,6,0,1,1,0,3,6,3,1.0,0.0
1,115,131,17,80.0,2850,863.0,2.0,0.0,1.16,5.0,2.08,1.73,1.37,3.02,1.16,5.91,1.23,4.17,1.18,6.0,1.15,5.43,2,1.0,1.0,1,1,1,1,4,0,1,1,2,6,6,6,0.6667,0.0
1,40,274,71,235.0,935,270.0,2.0,0.0,1.11,6.5,1.24,3.98,4.88,1.17,1.17,5.72,1.22,4.35,1.17,6.5,1.15,5.51,2,1.0,1.0,1,1,1,1,7,1,1,1,0,3,7,4,1.0,0.25
1,135,268,12,60.0,3615,1103.0,2.0,0.0,1.44,2.75,1.09,7.3,4.08,1.23,1.45,2.95,2.84,1.43,1.49,2.95,1.44,2.8,2,1.0,1.0,1,1,1,1,4,2,1,1,1,2,5,4,0.8,0.5
1,79,224,42,164.0,1388,418.0,2.0,0.0,1.36,3.2,1.37,3.02,1.25,3.91,1.38,3.27,1.07,8.75,1.41,3.3,1.37,3.14,2,1.0,1.0,1,1,1,1,4,3,1,1,0,2,4,5,1.0,0.6
1,89,67,35,86.0,1870,910.0,2.0,0.0,1.08,8.0,1.16,5.03,1.02,14.19,1.06,11.94,4.21,1.23,1.09,11.94,1.07,8.9,2,1.0,1.0,1,1,1,1,3,1,1,1,0,4,3,5,1.0,0.2
1,103,227,62,146.0,1270,562.0,2.0,0.0,2.0,1.8,1.1,6.48,1.6,2.31,2.23,1.72,1.29,3.65,2.5,1.84,2.13,1.73,2,1.0,1.0,0,0,0,0,2,1,1,1,3,2,5,3,0.4,0.3333
1,74,88,2,63.0,7461,1264.0,2.0,0.0,1.14,5.5,2.12,1.7,1.77,2.02,1.12,7.4,1.24,4.14,1.16,8.0,1.11,6.54,2,1.0,1.0,1,1,1,1,4,1,1,1,2,2,6,3,0.6667,0.3333
1,246,26,50,145.0,1529,564.0,2.0,1.0,1.8,2.0,1.02,14.19,1.12,6.15,1.81,2.09,1.61,2.32,1.82,2.27,1.72,2.13,3,1.0,1.0,1,1,1,1,4,0,1,1,1,1,5,1,0.8,0.0
1,37,144,102,113.0,820,735.0,2.0,0.0,1.57,2.37,1.6,2.31,1.29,3.53,1.65,2.37,1.08,7.84,1.65,2.54,1.58,2.39,2,1.0,1.0,1,1,1,1,3,0,1,1,2,1,5,1,0.6,0.0
1,22,87,76,159.0,1075,501.0,2.0,0.0,1.4,3.0,1.77,2.02,5.96,1.12,1.38,3.27,2.51,1.53,1.44,3.27,1.41,2.93,2,1.0,1.0,1,1,1,1,2,2,0,1,4,3,6,5,0.3333,0.4
1,250,111,139,27.0,583,2320.0,2.0,0.0,2.3,1.61,1.12,6.15,1.2,4.4,2.33,1.67,1.41,2.94,2.56,1.91,2.28,1.63,2,0.0,0.0,0,0,0,0,2,2,0,0,0,5,2,7,1.0,0.2857
1,264,132,22,492.0,2683,87.0,2.0,0.0,1.11,6.5,1.29,3.53,1.71,2.11,1.12,7.2,2.39,1.58,1.13,7.5,1.11,6.63,2,1.0,1.0,1,1,1,1,3,1,1,1,1,2,4,3,0.75,0.3333
1,247,185,32,95.0,2070,847.0,2.0,0.0,1.3,3.5,5.96,1.12,1.15,5.25,1.37,3.34,1.06,9.78,1.42,3.64,1.35,3.22,2,1.0,1.0,1,1,1,1,5,1,1,1,1,4,6,5,0.8333,0.2
1,206,145,12,125.0,4115,655.0,2.0,1.0,1.06,10.0,1.2,4.4,1.42,2.79,1.06,11.81,1.22,4.34,1.07,15.0,1.05,10.97,3,1.0,1.0,1,1,1,1,6,0,1,1,0,3,6,3,1.0,0.0
1,30,32,1096,138.0,11,586.0,2.0,0.0,2.0,1.8,1.71,2.11,1.26,3.78,1.94,1.94,1.06,9.35,2.08,1.95,1.93,1.88,2,0.0,0.0,0,0,0,0,3,0,1,1,1,2,4,2,0.75,0.0
1,129,181,90,223.0,870,316.0,2.0,0.0,1.3,3.5,1.15,5.25,1.59,2.32,1.31,3.8,2.29,1.63,1.32,4.25,1.26,3.88,2,1.0,1.0,1,1,1,1,2,0,1,1,0,1,2,1,1.0,0.0
1,135,219,4,144.0,6195,576.0,2.0,0.0,1.1,7.0,1.42,2.79,1.35,3.1,1.13,6.91,1.45,2.77,1.17,7.75,1.12,6.23,2,1.0,1.0,1,1,1,1,4,2,1,1,1,2,5,4,0.8,0.5
1,244,178,82,87.0,998,901.0,2.0,0.0,3.0,1.4,1.26,3.78,1.92,1.85,3.26,1.38,1.08,8.4,3.26,1.44,2.96,1.4,2,1.0,1.0,0,0,0,0,2,0,1,1,2,2,4,2,0.5,0.0
1,79,221,30,41.0,2160,1690.0,2.0,0.0,1.8,2.0,1.59,2.32,3.14,1.35,1.87,2.02,1.94,1.87,1.87,2.12,1.81,2.0,2,1.0,1.0,1,1,1,1,4,3,1,1,0,2,4,5,1.0,0.6
1,205,38,68,52.0,1195,1495.0,2.0,1.0,1.4,3.0,1.35,3.1,2.94,1.39,1.49,2.81,1.91,1.9,1.5,3.3,1.41,2.92,3,0.0,0.0,1,1,1,1,5,1,1,1,2,3,7,4,0.7143,0.25
1,233,73,16,40.0,3526,1692.0,2.0,1.0,1.25,4.0,1.92,1.85,1.47,2.64,1.24,4.48,1.73,2.12,1.3,4.48,1.24,3.99,3,1.0,1.0,1,1,1,1,4,2,1,1,2,4,6,6,0.6667,0.3333
1,161,217,103,291.0,818,227.0,2.0,1.0,1.3,3.5,3.14,1.35,1.08,7.94,1.32,3.7,3.46,1.31,1.33,3.95,1.3,3.52,3,1.0,1.0,1,1,1,1,5,2,1,1,2,2,7,4,0.7143,0.5
1,55,16,69,78.0,1159,1061.0,2.0,0.0,1.8,2.0,2.94,1.39,1.42,2.78,1.79,2.12,2.02,1.8,1.86,2.25,1.77,2.07,2,1.0,1.0,1,1,1,1,3,1,1,1,0,1,3,2,1.0,0.5
1,126,140,24,115.0,2606,727.0,2.0,1.0,1.3,3.5,1.47,2.64,1.17,4.95,1.34,3.54,1.2,4.58,1.36,3.66,1.32,3.37,3,1.0,1.0,1,1,1,1,6,1,1,1,1,5,7,6,0.8571,0.1667
1,142,83,84,98.0,990,837.0,2.0,0.0,4.33,1.22,1.08,7.94,1.22,4.17,5.2,1.19,1.06,9.53,5.25,1.23,4.73,1.19,2,1.0,1.0,0,0,0,0,3,1,1,1,4,1,7,2,0.4286,0.5
1,149,249,60,47.0,1330,1618.0,2.0,1.0,3.0,1.4,1.42,2.78,1.21,4.34,2.67,1.53,1.41,2.94,3.1,1.53,2.77,1.45,3,0.0,0.0,0,0,0,0,3,4,0,0,1,2,4,6,0.75,0.6667
1,242,124,21,66.0,2746,1218.0,2.0,1.0,1.9,1.9,1.17,4.95,2.4,1.56,1.93,1.95,2.06,1.77,1.93,2.17,1.77,2.06,3,1.0,1.0,0,1,1,1,3,3,0,1,2,2,5,5,0.6,0.6
1,274,100,149,65.0,558,1240.0,2.0,0.0,2.3,1.61,1.22,4.17,3.19,1.34,2.3,1.68,1.08,8.17,2.37,1.77,2.21,1.67,2,0.0,0.0,0,0,0,0,1,5,0,0,3,2,4,7,0.25,0.7143
1,153,45,73,17.0,1106,3220.0,2.0,1.0,2.0,1.8,1.21,4.34,9.04,1.06,2.01,1.88,1.72,2.13,2.1,1.91,1.98,1.83,3,0.0,0.0,0,0,0,0,4,5,0,0,1,1,5,6,0.8,0.8333
1,215,258,9,101.0,4435,825.0,2.0,0.0,1.04,13.0,2.4,1.56,1.21,4.26,1.03,18.08,2.65,1.49,1.05,20.0,1.03,13.41,2,1.0,1.0,1,1,1,1,4,2,1,1,0,2,4,4,1.0,0.5
1,31,61,93,71.0,858,1131.0,2.0,0.0,1.5,2.62,3.19,1.34,1.25,3.89,1.58,2.52,2.38,1.59,1.53,2.8,1.49,2.63,2,0.0,0.0,1,1,1,1,4,2,1,1,1,3,5,5,0.8,0.4
1,190,119,85,7.0,920,5325.0,2.0,1.0,2.75,1.44,9.04,1.06,1.62,2.27,2.79,1.49,1.07,8.45,2.95,1.5,2.73,1.46,3,0.0,0.0,0,0,0,0,2,2,0,0,2,1,4,3,0.5,0.6667
1,56,196,203,77.0,347,1068.0,2.0,0.0,1.61,2.3,1.21,4.26,1.28,3.62,1.66,2.34,1.21,4.5,1.8,2.55,1.66,2.24,2,0.0,0.0,1,1,1,1,1,1,0,1,1,2,2,3,0.5,0.3333
1,184,121,15,161.0,3685,493.0,2.0,0.0,1.14,5.5,1.25,3.89,2.44,1.54,1.16,5.9,2.34,1.6,1.18,6.5,1.14,5.7,2,1.0,1.0,1,1,1,1,6,0,1,1,0,1,6,1,1.0,0.0
1,69,112,58,55.0,1350,1428.0,2.0,0.0,1.72,2.1,1.62,2.27,1.17,4.83,1.7,2.26,1.47,2.71,1.75,2.3,1.7,2.15,2,0.0,0.0,1,1,1,1,7,2,1,1,0,3,7,5,1.0,0.4
1,156,21,54,20.0,1444,2756.0,2.0,0.0,1.8,2.0,1.28,3.62,1.05,10.08,1.82,2.08,2.19,1.69,1.87,2.1,1.8,2.02,2,0.0,0.0,1,1,1,1,4,1,1,1,3,5,7,6,0.5714,0.1667
1,102,183,5,44.0,5865,1680.0,2.0,1.0,2.5,1.53,2.44,1.54,1.07,8.51,2.47,1.6,1.14,5.79,2.75,1.63,2.55,1.52,3,1.0,1.0,0,0,0,0,3,3,0,0,1,4,4,7,0.75,0.4286
1,157,188,11,42.0,4140,1687.0,2.0,0.0,1.9,1.9,1.17,4.83,1.35,3.16,1.96,1.93,2.13,1.72,2.2,1.93,1.97,1.84,2,1.0,1.0,0,0,0,0,4,1,1,1,0,1,4,2,1.0,0.5
1,99,6,97,67.0,844,1205.0,2.0,1.0,2.3,1.61,1.05,10.08,1.38,3.02,2.48,1.6,1.29,3.64,2.54,1.65,2.38,1.58,3,0.0,0.0,0,0,0,0,3,4,0,0,0,2,3,6,1.0,0.6667
1,109,262,88,192.0,879,364.0,2.0,0.0,2.1,1.72,1.07,8.51,1.94,1.84,2.09,1.82,2.72,1.46,2.3,1.82,2.15,1.71,2,1.0,1.0,0,0,0,0,2,1,1,1,1,3,3,4,0.6667,0.25
1,116,203,174,83.0,425,996.0,2.0,0.0,3.2,1.36,1.35,3.16,1.32,3.3,3.01,1.43,1.61,2.33,3.32,1.43,3.05,1.38,2,0.0,0.0,0,0,0,0,2,0,1,1,2,4,4,4,0.5,0.0
1,40,131,37,79.0,1800,1021.0,2.0,1.0,1.16,5.0,1.38,3.02,2.34,1.59,1.14,6.47,1.83,1.98,1.16,6.5,1.14,5.74,3,1.0,1.0,1,1,1,1,7,0,1,1,0,6,7,6,1.0,0.0
1,146,208,57,49.0,1400,1535.0,2.0,1.0,5.0,1.16,1.94,1.84,1.76,2.03,6.29,1.15,2.64,1.49,6.29,1.2,5.0,1.17,3,0.0,0.0,0,0,0,0,1,1,0,0,4,4,5,5,0.2,0.2
1,268,216,29,99.0,2219,831.0,2.0,1.0,1.04,13.0,1.32,3.3,1.22,4.17,1.03,17.19,1.14,5.71,1.04,20.0,1.02,14.51,3,1.0,1.0,1,1,1,1,2,0,1,1,2,3,4,3,0.5,0.0
1,134,66,81,13.0,1000,4110.0,2.0,0.0,4.5,1.2,2.34,1.59,2.43,1.55,5.35,1.19,1.25,4.01,6.0,1.22,4.81,1.19,2,0.0,0.0,0,0,0,0,1,5,0,0,2,2,3,7,0.3333,0.7143
1,260,256,94,255.0,853,270.0,2.0,0.0,1.44,2.75,1.76,2.03,1.22,4.19,1.49,2.78,1.41,2.92,1.49,3.64,1.42,2.87,2,1.0,1.0,1,1,1,1,1,0,1,1,1,2,2,2,0.5,0.0
1,0,115,80,23.0,1020,2660.0,2.0,1.0,3.5,1.3,1.22,4.17,1.07,8.36,3.53,1.34,1.23,4.19,4.0,1.34,3.48,1.31,3,0.0,0.0,0,0,0,0,4,4,0,0,2,2,6,6,0.6667,0.6667
1,118,281,8,74.0,4821,1104.0,2.0,0.0,1.36,3.2,2.43,1.55,1.34,3.21,1.4,3.19,1.15,5.48,1.4,3.51,1.35,3.23,2,1.0,1.0,1,1,1,1,5,5,0,1,0,2,5,7,1.0,0.7143
1,186,1,91,131.0,863,629.0,2.0,0.0,1.44,2.75,1.22,4.19,1.75,2.06,1.49,2.78,1.29,3.63,1.51,2.8,1.47,2.7,2,1.0,1.0,1,1,1,1,2,0,1,1,2,3,4,3,0.5,0.0
1,220,276,14,48.0,3830,1615.0,2.0,0.0,1.8,2.0,1.07,8.36,1.4,2.9,1.85,2.05,1.32,3.39,1.91,2.12,1.82,1.99,2,1.0,1.0,1,1,1,1,3,3,0,1,2,2,5,5,0.6,0.6
1,106,58,26,43.0,2415,1685.0,2.0,0.0,1.53,2.5,1.34,3.21,1.19,4.6,1.49,2.79,2.33,1.61,1.6,2.79,1.51,2.57,2,1.0,1.0,1,1,1,1,3,5,0,0,2,2,5,7,0.6,0.7143
1,257,110,51,297.0,1500,221.0,2.0,1.0,1.12,6.0,1.75,2.06,1.73,2.08,1.14,6.48,1.08,7.82,1.18,6.48,1.14,5.7,3,1.0,1.0,1,1,1,1,3,0,1,1,3,1,6,1,0.5,0.0
1,41,234,124,122.0,677,691.0,2.0,0.0,2.2,1.66,1.4,2.9,2.98,1.38,2.24,1.71,1.25,4.0,2.5,1.73,2.25,1.65,2,0.0,0.0,0,0,0,0,2,1,1,1,2,2,4,3,0.5,0.3333
1,154,125,75,100.0,1092,826.0,2.0,0.0,1.5,2.62,1.19,4.6,1.26,3.76,1.43,3.03,1.26,3.91,1.51,3.03,1.46,2.74,2,1.0,1.0,1,1,1,1,1,0,1,1,1,4,2,4,0.5,0.0
1,50,104,18,129.0,2830,634.0,2.0,0.0,1.11,6.5,1.73,2.08,1.47,2.64,1.11,8.04,1.61,2.33,1.12,8.25,1.1,6.97,2,1.0,1.0,1,1,1,1,5,0,1,1,1,2,6,2,0.8333,0.0
1,162,187,6,1111.0,5835,11.0,2.0,0.0,1.01,26.0,2.98,1.38,1.31,3.44,1.01,26.33,1.97,1.84,1.01,34.0,1.01,20.86,2,1.0,1.0,1,1,1,1,6,0,1,1,0,1,6,1,1.0,0.0
1,198,24,33,89.0,1973,870.0,2.0,1.0,1.12,6.0,1.26,3.76,3.16,1.34,1.13,6.85,1.62,2.3,1.15,7.0,1.12,6.31,3,1.0,1.0,1,1,1,1,2,1,1,1,2,5,4,6,0.5,0.1667
1,44,271,1,70.0,10175,1140.0,2.0,1.0,1.11,6.5,1.47,2.64,2.43,1.55,1.09,9.16,1.09,7.7,1.12,9.52,1.08,8.07,3,1.0,1.0,1,1,1,1,3,2,1,1,1,3,4,5,0.75,0.4
1,75,14,39,64.0,1700,1263.0,2.0,1.0,1.44,2.75,1.31,3.44,1.43,2.77,1.53,2.67,1.59,2.37,1.53,3.02,1.44,2.81,3,1.0,1.0,1,1,1,1,4,4,0,1,2,2,6,6,0.6667,0.6667
1,180,272,61,121.0,1320,694.0,2.0,0.0,2.37,1.57,3.16,1.34,1.13,5.71,2.32,1.68,2.73,1.46,2.45,1.7,2.31,1.62,2,1.0,1.0,0,0,0,0,4,2,1,1,3,4,7,6,0.5714,0.3333
1,36,92,31,72.0,2145,1126.0,2.0,1.0,1.4,3.0,2.43,1.55,3.21,1.33,1.43,3.04,1.43,2.82,1.43,3.4,1.4,2.95,3,1.0,1.0,1,1,1,1,3,1,1,1,4,5,7,6,0.4286,0.1667
1,266,167,45,251.0,1638,275.0,2.0,0.0,1.16,5.0,1.43,2.77,1.46,2.65,1.23,4.69,1.43,2.84,1.23,6.0,1.18,4.91,2,1.0,1.0,1,1,1,1,4,1,1,1,3,5,7,6,0.5714,0.1667
1,150,114,34,104.0,1940,814.0,2.0,0.0,1.1,7.0,1.13,5.71,1.02,14.58,1.16,6.03,2.73,1.46,1.16,7.0,1.13,5.98,2,1.0,1.0,1,1,1,1,5,2,1,1,1,4,6,6,0.8333,0.3333
1,212,77,171,46.0,430,1631.0,2.0,0.0,1.66,2.2,3.21,1.33,2.54,1.5,1.8,2.12,1.07,9.14,1.81,2.28,1.72,2.14,2,0.0,0.0,1,1,1,1,2,5,0,0,4,2,6,7,0.3333,0.7143
1,3,270,25,213.0,2420,329.0,2.0,0.0,1.12,6.0,1.46,2.65,1.34,3.18,1.16,6.02,1.13,6.23,1.19,7.5,1.13,5.86,2,1.0,1.0,1,1,1,1,3,2,1,1,0,2,3,4,1.0,0.5
1,248,152,19,112.0,2816,742.0,2.0,1.0,1.11,6.5,1.02,14.58,1.31,3.4,1.12,7.23,1.03,13.6,1.14,9.0,1.11,6.65,3,1.0,1.0,1,1,1,1,3,4,0,0,1,3,4,7,0.75,0.5714
1,139,243,10,36.0,4345,1810.0,2.0,0.0,1.22,4.33,2.54,1.5,1.02,14.99,1.28,4.05,1.48,2.66,1.28,4.73,1.23,4.15,2,1.0,1.0,1,1,1,1,6,3,1,1,1,4,7,7,0.8571,0.4286
1,71,269,59,118.0,1346,702.0,2.0,1.0,1.08,8.0,1.34,3.18,2.18,1.67,1.15,6.3,1.02,17.18,1.15,9.4,1.11,6.76,3,1.0,1.0,1,1,1,1,6,4,1,1,0,1,6,5,1.0,0.8
1,156,267,26,105.0,1670,612.0,2.0,0.0,1.3,3.5,2.68,1.46,1.53,2.46,1.3,3.87,1.11,6.78,1.33,4.0,1.29,3.58,2,1.0,1.0,1,1,1,1,4,2,1,1,3,3,7,5,0.5714,0.4
1,83,274,66,106.0,989,608.0,2.0,0.0,1.4,3.0,1.24,4.0,1.1,7.12,1.47,2.89,3.98,1.25,1.47,3.26,1.39,3.02,2,1.0,1.0,1,1,1,1,1,1,0,1,1,3,2,4,0.5,0.25
1,71,9,64,102.0,1000,650.0,2.0,1.0,3.0,1.4,2.15,1.68,5.98,1.12,2.74,1.51,2.29,1.63,3.0,1.55,2.7,1.47,3,1.0,1.0,0,0,0,0,6,0,1,1,0,1,6,1,1.0,0.0
1,70,213,48,134.0,1158,471.0,2.0,1.0,1.36,3.2,1.53,2.46,1.22,4.14,1.34,3.51,1.1,7.17,1.38,3.87,1.33,3.37,3,1.0,1.0,1,1,1,1,1,0,1,1,1,1,2,1,0.5,0.0
1,266,106,52,6.0,1111,4380.0,2.0,1.0,6.0,1.12,1.1,7.12,1.51,2.55,7.14,1.12,4.03,1.24,7.4,1.17,6.49,1.12,3,0.0,0.0,0,0,0,0,4,3,1,1,3,2,7,5,0.5714,0.6
1,248,214,81,253.0,808,276.0,2.0,0.0,1.1,7.0,5.98,1.12,3.1,1.35,1.12,7.41,1.26,3.93,1.13,8.5,1.1,7.03,2,1.0,1.0,1,1,1,1,3,0,1,1,1,1,4,1,0.75,0.0
1,124,66,46,10.0,1177,3060.0,2.0,1.0,2.1,1.72,1.22,4.14,1.06,9.18,2.06,1.83,1.05,10.31,2.21,1.91,2.03,1.79,3,0.0,0.0,0,0,0,0,3,5,0,0,2,2,5,7,0.6,0.7143
1,161,5,47,77.0,1171,864.0,2.0,0.0,1.5,2.62,1.51,2.55,2.6,1.49,1.48,2.84,1.04,11.45,1.51,3.0,1.44,2.79,2,1.0,1.0,1,1,1,1,5,0,1,1,2,1,7,1,0.7143,0.0
1,205,115,56,76.0,1062,869.0,2.0,0.0,2.75,1.44,3.1,1.35,1.3,3.43,3.2,1.4,1.56,2.44,3.38,1.5,2.97,1.4,2,1.0,1.0,0,0,0,0,5,4,1,1,2,2,7,6,0.7143,0.6667
1,277,271,24,116.0,1783,552.0,2.0,0.0,1.4,3.0,1.06,9.18,1.33,3.26,1.41,3.1,1.65,2.26,1.46,3.2,1.4,2.97,2,1.0,1.0,1,1,1,1,1,2,0,0,1,3,2,5,0.5,0.4
1,48,96,172,96.0,377,695.0,2.0,1.0,2.1,1.72,2.6,1.49,1.49,2.55,2.2,1.74,3.52,1.3,2.3,1.75,2.14,1.72,3,0.0,0.0,0,0,0,0,1,0,1,1,0,1,1,1,1.0,0.0
1,109,41,71,124.0,914,510.0,2.0,1.0,1.44,2.75,1.3,3.43,4.54,1.19,1.41,3.11,2.42,1.57,1.49,3.13,1.42,2.88,3,1.0,1.0,1,1,1,1,2,2,0,1,1,2,3,4,0.6667,0.5
1,6,154,60,67.0,1035,981.0,0.0,1.0,1.72,2.1,1.33,3.26,1.56,2.39,1.78,2.15,1.56,2.44,1.86,2.19,1.76,2.08,1,1.0,1.0,1,1,1,1,4,1,1,1,2,1,6,2,0.6667,0.5
1,50,227,3,94.0,4726,714.0,2.0,0.0,1.07,9.0,1.49,2.55,1.2,4.47,1.09,9.03,2.71,1.47,1.11,10.25,1.07,8.45,2,1.0,1.0,1,1,1,1,5,1,1,1,1,2,6,3,0.8333,0.3333
1,184,68,32,51.0,1505,1116.0,2.0,0.0,1.5,2.62,4.54,1.19,3.09,1.36,1.56,2.58,2.23,1.66,1.58,2.62,1.54,2.49,2,1.0,1.0,1,1,1,1,6,0,1,1,0,1,6,1,1.0,0.0
1,3,254,23,115.0,1886,557.0,2.0,0.0,1.25,4.0,1.56,2.39,1.03,12.98,1.23,4.6,1.13,6.02,1.26,4.95,1.22,4.31,2,1.0,1.0,1,1,1,1,3,0,1,1,0,1,3,1,1.0,0.0
1,243,11,100,148.0,652,433.0,2.0,0.0,1.53,2.5,1.2,4.47,1.45,2.68,1.49,2.8,1.2,4.49,1.65,2.8,1.54,2.49,2,1.0,1.0,1,1,1,1,3,0,1,1,4,1,7,1,0.4286,0.0
1,157,81,14,145.0,2525,439.0,2.0,0.0,1.05,11.0,3.09,1.36,1.55,2.41,1.05,12.52,4.44,1.21,1.06,13.0,1.05,11.16,2,1.0,1.0,1,1,1,1,4,0,1,1,0,1,4,1,1.0,0.0
1,55,180,18,107.0,2245,606.0,2.0,0.0,1.14,5.5,1.03,12.98,1.3,3.48,1.15,6.18,1.34,3.27,1.17,6.75,1.14,5.8,2,1.0,1.0,1,1,1,1,3,4,0,0,0,3,3,7,1.0,0.5714
1,38,136,69,154.0,945,418.0,2.0,0.0,1.2,4.5,1.45,2.68,1.41,2.86,1.19,5.2,1.34,3.28,1.29,6.05,1.19,4.87,2,1.0,1.0,1,1,1,1,1,0,1,1,3,1,4,1,0.25,0.0
1,152,140,65,84.0,997,788.0,2.0,0.0,1.9,1.9,1.55,2.41,1.02,14.19,1.74,2.21,1.11,6.67,1.9,2.21,1.79,2.03,2,1.0,1.0,0,1,1,1,4,1,1,1,3,5,7,6,0.5714,0.1667
1,221,74,28,38.0,1610,1295.0,2.0,0.0,1.53,2.5,1.3,3.48,1.53,2.46,1.54,2.64,1.52,2.56,1.61,2.85,1.5,2.59,2,1.0,1.0,1,1,1,1,3,4,0,0,2,2,5,6,0.6,0.6667
1,99,237,59,111.0,1038,594.0,2.0,0.0,1.22,4.33,1.41,2.86,2.13,1.7,1.18,5.41,1.95,1.86,1.23,5.52,1.19,4.75,2,1.0,1.0,1,1,1,1,3,0,1,1,0,1,3,1,1.0,0.0
1,119,49,72,168.0,913,380.0,2.0,1.0,1.08,8.0,1.02,14.19,2.03,1.77,1.1,8.43,1.6,2.34,1.12,8.5,1.09,7.52,3,1.0,1.0,1,1,1,1,2,0,1,1,1,1,3,1,0.6667,0.0
1,8,253,74,62.0,879,1015.0,2.0,0.0,1.66,2.2,1.53,2.46,1.24,3.93,1.66,2.34,1.16,5.36,1.74,2.34,1.67,2.22,2,0.0,0.0,1,1,1,1,1,0,1,1,0,2,1,2,1.0,0.0
1,155,235,127,187.0,496,355.0,2.0,0.0,1.16,5.0,2.13,1.7,1.49,2.59,1.17,5.62,1.23,4.13,1.22,5.62,1.17,5.1,2,1.0,1.0,1,1,1,1,1,0,1,1,0,1,1,1,1.0,0.0
1,233,37,15,93.0,2440,716.0,2.0,1.0,1.3,3.5,2.03,1.77,1.29,3.53,1.3,3.86,1.53,2.51,1.36,4.15,1.31,3.47,3,1.0,1.0,1,1,1,1,4,3,1,1,2,2,6,5,0.6667,0.6
1,206,97,34,61.0,1435,1033.0,2.0,0.0,1.72,2.1,1.24,3.93,1.58,2.36,1.75,2.18,4.17,1.23,1.8,2.28,1.7,2.15,2,1.0,1.0,1,1,1,1,6,0,1,1,0,1,6,1,1.0,0.0
1,215,169,1,119.0,7061,537.0,2.0,0.0,1.02,17.0,1.49,2.59,3.04,1.37,1.02,22.11,2.36,1.59,1.02,25.0,1.01,18.06,2,1.0,1.0,1,1,1,1,4,3,1,1,0,2,4,5,1.0,0.6
1,232,189,43,82.0,1201,804.0,2.0,0.0,2.5,1.53,1.29,3.53,1.11,6.51,2.54,1.57,1.18,4.96,2.6,1.67,2.43,1.56,2,1.0,1.0,0,0,0,0,1,0,1,1,5,3,6,3,0.1667,0.0
1,217,198,97,2.0,682,4911.0,2.0,1.0,4.5,1.2,1.58,2.36,1.48,2.63,4.32,1.25,1.08,8.23,4.75,1.25,4.31,1.22,3,0.0,0.0,0,0,0,0,2,2,0,0,2,2,4,4,0.5,0.5
1,103,23,95,27.0,713,1670.0,2.0,1.0,2.75,1.44,3.04,1.37,1.27,3.64,2.94,1.45,1.16,5.17,3.1,1.45,2.83,1.42,3,0.0,0.0,0,0,0,0,2,0,1,1,3,3,5,3,0.4,0.0
1,132,61,215,103.0,323,633.0,2.0,0.0,1.9,1.9,1.11,6.51,1.16,5.15,2.02,1.87,2.13,1.72,2.05,1.95,1.94,1.87,2,0.0,0.0,0,0,0,0,1,2,0,0,2,3,3,5,0.3333,0.4
1,231,91,227,45.0,307,1190.0,2.0,0.0,4.5,1.2,1.48,2.63,3.39,1.31,4.34,1.25,2.35,1.6,4.59,1.27,4.24,1.22,2,0.0,0.0,0,0,0,0,1,0,1,1,0,1,1,1,1.0,0.0
1,10,130,12,184.0,2910,359.0,2.0,1.0,1.4,3.0,1.27,3.64,2.2,1.66,1.42,3.08,1.19,4.68,1.42,3.32,1.38,3.07,3,1.0,1.0,1,1,1,1,1,0,1,1,0,1,1,1,1.0,0.0
1,272,117,92,88.0,724,771.0,2.0,1.0,1.5,2.62,1.16,5.15,1.11,6.47,1.47,2.88,1.08,8.16,1.53,3.0,1.46,2.73,3,0.0,0.0,1,1,1,1,2,1,1,1,4,3,6,4,0.3333,0.25
1,22,36,42,5.0,1216,4446.0,2.0,0.0,3.5,1.3,3.39,1.31,1.48,2.62,3.51,1.34,3.06,1.38,4.0,1.4,3.35,1.33,2,0.0,0.0,0,0,0,0,2,3,0,0,4,4,6,7,0.3333,0.4286
1,79,216,29,99.0,1585,675.0,2.0,1.0,1.22,4.33,2.2,1.66,1.07,8.48,1.26,4.2,1.22,4.31,1.25,4.77,1.22,4.35,3,1.0,1.0,1,1,1,1,4,0,1,1,0,3,4,3,1.0,0.0
1,111,236,17,89.0,2354,760.0,2.0,1.0,1.36,3.2,1.11,6.47,1.44,2.71,1.41,3.15,2.17,1.7,1.41,3.52,1.37,3.1,3,1.0,1.0,1,1,1,1,2,1,1,1,5,1,7,2,0.2857,0.5
1,139,13,8,141.0,3678,456.0,2.0,1.0,1.11,6.5,1.48,2.62,1.39,2.92,1.12,7.29,1.1,6.88,1.12,7.5,1.11,6.86,3,1.0,1.0,1,1,1,1,6,0,1,1,1,3,7,3,0.8571,0.0
1,246,101,9,140.0,3315,459.0,2.0,0.0,1.12,6.0,1.07,8.48,1.19,4.61,1.12,7.42,2.19,1.68,1.14,7.42,1.12,6.3,2,1.0,1.0,1,1,1,1,4,0,1,1,1,1,5,1,0.8,0.0
1,270,197,114,109.0,562,599.0,2.0,0.0,1.5,2.62,1.44,2.71,1.52,2.52,1.56,2.58,1.13,5.91,1.6,2.65,1.53,2.51,2,0.0,0.0,1,1,1,1,2,1,1,1,2,1,4,2,0.5,0.5
1,183,128,13,73.0,2536,890.0,2.0,0.0,1.4,3.0,1.39,2.92,1.35,3.15,1.41,3.13,1.52,2.56,1.44,3.2,1.39,3.0,2,1.0,1.0,1,1,1,1,3,0,1,1,4,1,7,1,0.4286,0.0
1,100,131,40,98.0,1266,680.0,2.0,0.0,1.2,4.5,1.19,4.61,1.18,4.75,1.2,5.17,4.2,1.23,1.23,5.3,1.19,4.75,2,1.0,1.0,1,1,1,1,5,0,1,1,2,6,7,6,0.7143,0.0
1,93,92,135,53.0,468,1086.0,2.0,1.0,2.0,1.8,1.52,2.52,1.21,4.46,2.05,1.85,4.0,1.25,2.15,1.86,2.03,1.8,3,0.0,0.0,0,0,0,0,1,1,0,0,0,5,1,6,1.0,0.1667
1,264,203,16,78.0,2420,857.0,2.0,1.0,1.2,4.5,1.35,3.15,1.47,2.63,1.26,4.25,1.28,3.71,1.31,4.5,1.25,4.02,3,1.0,1.0,1,1,1,1,3,0,1,1,1,4,4,4,0.75,0.0
1,150,145,31,83.0,1531,792.0,2.0,0.0,1.1,7.0,1.18,4.75,1.08,7.76,1.1,8.33,1.13,6.13,1.11,8.5,1.09,7.54,2,1.0,1.0,1,1,1,1,5,0,1,1,1,3,6,3,0.8333,0.0
1,69,241,79,342.0,855,180.0,2.0,0.0,2.5,1.53,1.21,4.46,2.84,1.42,2.34,1.66,1.68,2.19,2.5,1.7,2.31,1.61,2,1.0,1.0,0,0,0,0,7,3,1,1,0,2,7,5,1.0,0.6
1,281,186,63,55.0,1004,1074.0,2.0,1.0,1.44,2.75,1.47,2.63,1.63,2.24,1.49,2.79,1.36,3.14,1.5,2.85,1.47,2.73,3,0.0,0.0,1,1,1,1,5,2,1,1,2,2,7,4,0.7143,0.5
1,126,191,22,86.0,1899,784.0,2.0,1.0,1.36,3.2,1.08,7.76,12.38,1.03,1.37,3.35,2.96,1.4,1.42,3.4,1.36,3.17,3,1.0,1.0,1,1,1,1,6,0,1,1,1,2,7,2,0.8571,0.0
1,249,260,50,54.0,1134,1083.0,2.0,0.0,1.72,2.1,2.84,1.42,2.25,1.63,1.81,2.1,1.95,1.86,1.86,2.15,1.77,2.06,2,1.0,1.0,1,1,1,1,4,1,1,1,2,1,6,2,0.6667,0.5
1,199,134,49,58.0,1135,1050.0,2.0,0.0,2.0,1.8,1.63,2.24,1.36,3.11,2.01,1.88,1.23,4.2,2.1,1.98,1.94,1.86,2,1.0,1.0,0,0,0,0,1,1,0,0,1,2,2,3,0.5,0.3333
1,58,234,37,112.0,1365,574.0,2.0,0.0,1.16,5.0,12.38,1.03,1.1,6.69,1.14,6.48,1.29,3.58,1.2,7.1,1.16,5.26,2,1.0,1.0,1,1,1,1,5,1,1,1,2,2,7,3,0.7143,0.3333
1,250,56,36,123.0,1387,512.0,0.0,0.0,1.2,4.5,2.25,1.63,1.27,3.67,1.23,4.64,2.85,1.43,1.24,4.73,1.21,4.4,0,1.0,1.0,1,1,1,1,2,1,1,1,0,1,2,2,1.0,0.5
1,0,77,30,41.0,1583,1240.0,2.0,1.0,1.66,2.2,1.36,3.11,2.34,1.58,1.7,2.26,1.69,2.16,1.75,2.35,1.7,2.17,3,1.0,1.0,1,1,1,1,4,5,0,0,2,2,6,7,0.6667,0.7143
1,268,75,11,129.0,2955,487.0,2.0,0.0,1.2,4.5,1.1,6.69,1.55,2.42,1.2,5.19,1.25,3.98,1.22,5.25,1.19,4.69,2,1.0,1.0,1,1,1,1,2,4,0,0,2,2,4,6,0.5,0.6667
1,258,2,68,196.0,980,343.0,2.0,0.0,1.3,3.5,1.27,3.67,1.11,6.47,1.26,4.22,1.2,4.57,1.38,4.25,1.29,3.61,2,1.0,1.0,1,1,1,1,2,0,1,1,2,1,4,1,0.5,0.0
1,190,33,25,75.0,1683,873.0,2.0,0.0,2.0,1.8,2.34,1.58,1.92,1.86,1.98,1.91,1.55,2.47,2.07,2.05,1.96,1.85,2,1.0,1.0,0,0,0,0,2,0,1,1,2,1,4,1,0.5,0.0
1,142,116,57,120.0,1062,522.0,2.0,0.0,1.36,3.2,1.55,2.42,1.42,2.79,1.42,3.08,2.33,1.61,1.42,3.33,1.37,3.08,2,1.0,1.0,1,1,1,1,3,2,1,1,4,2,7,4,0.4286,0.5
1,89,257,4,130.0,4545,487.0,2.0,0.0,1.05,11.0,1.11,6.47,1.02,17.16,1.06,12.0,1.14,5.69,1.08,17.0,1.05,10.87,2,1.0,1.0,1,1,1,1,3,3,0,1,0,3,3,6,1.0,0.5
1,141,275,19,165.0,2126,388.0,2.0,1.0,1.04,13.0,1.92,1.86,2.16,1.68,1.05,12.76,1.15,5.43,1.05,14.0,1.04,11.74,3,1.0,1.0,1,1,1,1,6,0,1,1,0,1,6,1,1.0,0.0
1,40,133,20,176.0,2115,365.0,2.0,0.0,1.05,11.0,1.42,2.79,1.43,2.78,1.05,12.77,1.15,5.51,1.09,14.0,1.05,10.92,2,1.0,1.0,1,1,1,1,7,0,1,1,0,1,7,1,1.0,0.0
1,182,201,225,90.0,312,743.0,2.0,0.0,3.0,1.4,1.02,17.16,1.06,8.97,3.07,1.42,1.44,2.8,3.16,1.57,2.93,1.4,2,0.0,0.0,0,0,0,0,1,0,1,1,0,1,1,1,1.0,0.0
1,135,167,7,101.0,3966,651.0,2.0,1.0,1.05,11.0,2.16,1.68,1.16,5.01,1.04,14.87,1.37,3.14,1.05,17.0,1.03,12.5,3,1.0,1.0,1,1,1,1,4,1,1,1,1,5,5,6,0.8,0.1667
