Round_num,Winner_Id,Loser_Id,WRank,LRank,WPts,LPts,Wsets,Lsets,B365W,B365L,PSW,PSL,MaxW,MaxL,AvgW,AvgL,SetsTotales,LabelWinnerRank,LabelWinnerPoints,LabelWinnerOddsB65,LabelWinnerOddsPS,LabelWinnerOddsMAX,LabelWinnerOddsAvg,WinnerRoundsWon,LoserRoundsWon,LabelWinnerRounds,LabelWinnerRoundsAndOddsAvg,WinnerRoundsLost,LoserRoundsLost,WinnerRoundsPlayed,LoserRoundsPlayed,LabelWinnerRoundsWonOverAll,LabelLoserRoundsWonOverAll
1,11,30,19,124.0,1855,478.0,3.0,0.0,1.02,17.0,1.03,18.6,1.04,20.0,1.02,13.93,3,1.0,1.0,1,1,1,1,2,4,0,0,0,2,2,6,1.0,0.6667
1,232,81,21,137.0,1641,423.0,3.0,2.0,1.14,5.0,1.17,6.02,1.2,6.02,1.16,5.11,5,1.0,1.0,1,1,1,1,4,3,1,1,3,3,7,6,0.5714,0.5
1,164,51,123,203.0,484,264.0,3.0,0.0,2.1,1.66,2.12,1.81,2.38,1.81,2.17,1.68,3,1.0,1.0,0,0,0,0,1,0,1,1,0,1,1,1,1.0,0.0
1,55,155,79,76.0,706,712.0,3.0,0.0,1.72,2.0,1.88,2.02,1.88,2.2,1.76,2.05,3,0.0,0.0,1,1,1,1,1,0,1,1,1,2,2,2,0.5,0.0
1,13,236,40,96.0,1063,600.0,3.0,0.0,1.08,8.0,1.1,8.67,1.11,9.0,1.09,7.47,3,1.0,1.0,1,1,1,1,1,0,1,1,2,1,3,1,0.3333,0.0
1,206,78,4,59.0,6315,815.0,3.0,2.0,1.07,9.0,1.06,10.28,1.07,11.0,1.06,9.12,5,1.0,1.0,1,1,1,1,4,0,1,1,2,2,6,2,0.6667,0.0
1,105,138,132,114.0,442,523.0,3.0,2.0,2.37,1.53,2.16,1.78,2.45,1.78,2.31,1.61,5,0.0,0.0,0,0,0,0,2,3,0,0,0,3,2,6,1.0,0.5
1,283,280,32,68.0,1265,755.0,3.0,1.0,1.66,2.1,1.75,2.2,1.73,2.2,1.7,2.13,4,1.0,1.0,1,1,1,1,3,1,1,1,3,2,6,3,0.5,0.3333
1,76,195,24,36.0,1535,1150.0,3.0,2.0,2.37,1.53,2.57,1.57,2.63,1.59,2.44,1.55,5,1.0,1.0,0,0,0,0,2,5,0,0,0,2,2,7,1.0,0.7143
1,242,217,93,45.0,614,960.0,2.0,2.0,1.4,2.75,1.39,3.28,1.48,3.28,1.43,2.79,4,0.0,0.0,1,1,1,1,2,3,0,0,3,1,5,4,0.4,0.75
1,189,181,58,83.0,825,699.0,3.0,1.0,2.2,1.61,2.14,1.79,2.2,1.79,2.07,1.73,4,1.0,1.0,0,0,0,0,2,2,0,0,5,4,7,6,0.2857,0.3333
1,260,71,81,53.0,701,855.0,3.0,0.0,1.57,2.25,1.58,2.54,1.58,2.6,1.54,2.47,3,0.0,0.0,1,1,1,1,4,0,1,1,3,4,7,4,0.5714,0.0
1,110,137,9,680.0,2785,38.0,3.0,0.0,1.02,19.0,1.03,20.5,1.03,19.74,1.02,14.21,3,1.0,1.0,1,1,1,1,2,0,1,1,0,3,2,3,1.0,0.0
1,161,9,77,78.0,708,707.0,3.0,2.0,1.53,2.37,1.68,2.34,1.68,2.4,1.61,2.29,5,1.0,1.0,1,1,1,1,1,0,1,1,0,3,1,3,1.0,0.0
1,273,92,116,62.0,520,781.0,3.0,2.0,1.44,2.62,1.56,2.6,1.56,2.75,1.49,2.58,5,0.0,0.0,1,1,1,1,1,0,1,1,1,2,2,2,0.5,0.0
1,207,60,28,98.0,1280,592.0,3.0,0.0,2.0,1.72,2.14,1.79,2.14,1.83,2.04,1.75,3,1.0,1.0,0,0,0,0,3,0,1,1,1,1,4,1,0.75,0.0
1,225,133,94,215.0,608,249.0,3.0,0.0,2.37,1.53,2.38,1.62,2.5,1.65,2.31,1.59,3,1.0,1.0,0,0,0,0,2,3,0,0,5,3,7,6,0.2857,0.5
1,185,24,48,63.0,899,781.0,3.0,1.0,1.72,2.0,1.69,2.3,1.75,2.3,1.68,2.15,4,1.0,1.0,1,1,1,1,5,6,0,0,1,1,6,7,0.8333,0.8571
1,59,176,25,86.0,1505,685.0,3.0,2.0,1.14,5.5,1.18,5.63,1.2,6.0,1.17,4.99,5,1.0,1.0,1,1,1,1,2,1,1,1,2,3,4,4,0.5,0.25
1,115,31,18,463.0,1945,82.0,3.0,0.0,1.12,6.0,1.15,6.35,1.16,6.35,1.13,5.77,3,1.0,1.0,1,1,1,1,4,1,1,1,3,2,7,3,0.5714,0.3333
1,182,88,52,34.0,855,1190.0,3.0,0.0,1.3,3.4,1.33,3.64,1.35,3.64,1.31,3.36,3,0.0,0.0,1,1,1,1,4,4,0,1,1,3,5,7,0.8,0.5714
1,269,113,6,115.0,4470,522.0,3.0,0.0,1.02,19.0,1.02,22.73,1.03,24.0,1.02,16.28,3,1.0,1.0,1,1,1,1,6,1,1,1,0,3,6,4,1.0,0.25
1,80,222,164,216.0,326,249.0,3.0,0.0,1.66,2.1,1.68,2.33,1.8,2.33,1.73,2.08,3,1.0,1.0,1,1,1,1,1,0,1,1,2,1,3,1,0.3333,0.0
1,85,26,166,10.0,323,2775.0,3.0,1.0,9.0,1.07,13.89,1.05,13.89,1.08,9.57,1.06,4,0.0,0.0,0,0,0,0,3,5,0,0,0,2,3,7,1.0,0.7143
1,64,259,55,89.0,853,641.0,3.0,1.0,1.18,4.5,1.17,6.02,1.21,6.02,1.17,4.96,4,1.0,1.0,1,1,1,1,5,2,1,1,2,1,7,3,0.7143,0.6667
1,53,98,82,104.0,701,563.0,3.0,1.0,1.53,2.37,1.66,2.37,1.7,2.4,1.61,2.29,4,1.0,1.0,1,1,1,1,4,3,1,1,0,4,4,7,1.0,0.4286
1,200,125,133,105.0,438,561.0,3.0,1.0,2.5,1.5,2.62,1.56,2.65,1.57,2.51,1.52,4,0.0,0.0,0,0,0,0,2,0,1,1,1,1,3,1,0.6667,0.0
1,144,129,103,37.0,567,1135.0,3.0,1.0,3.0,1.36,3.05,1.43,3.4,1.44,2.95,1.39,4,0.0,0.0,0,0,0,0,1,1,0,0,3,4,4,5,0.25,0.2
1,70,190,12,57.0,2725,825.0,3.0,0.0,1.14,5.5,1.18,5.76,1.22,5.8,1.15,5.26,3,1.0,1.0,1,1,1,1,6,1,1,1,1,2,7,3,0.8571,0.3333
1,12,90,47,67.0,935,758.0,3.0,0.0,1.28,3.5,1.31,3.85,1.33,3.85,1.29,3.51,3,1.0,1.0,1,1,1,1,5,4,1,1,1,2,6,6,0.8333,0.6667
1,180,112,72,236.0,751,229.0,3.0,1.0,1.61,2.2,1.68,2.34,1.68,2.34,1.64,2.23,4,1.0,1.0,1,1,1,1,2,0,1,1,2,3,4,3,0.5,0.0
1,111,212,66,129.0,765,452.0,3.0,1.0,1.44,2.62,1.55,2.64,1.55,2.65,1.49,2.58,4,1.0,1.0,1,1,1,1,5,0,1,1,2,1,7,1,0.7143,0.0
1,49,107,8,46.0,2850,955.0,3.0,0.0,1.07,9.0,1.08,9.87,1.09,9.87,1.07,8.28,3,1.0,1.0,1,1,1,1,2,0,1,1,1,3,3,3,0.6667,0.0
1,84,229,22,662.0,1625,40.0,3.0,0.0,1.36,3.0,1.39,3.28,1.44,3.28,1.36,3.06,3,1.0,1.0,1,1,1,1,1,0,1,1,3,1,4,1,0.25,0.0
1,148,171,87,71.0,670,751.0,3.0,0.0,1.5,2.5,1.59,2.52,1.59,2.62,1.53,2.47,3,0.0,0.0,1,1,1,1,2,0,1,1,0,1,2,1,1.0,0.0
1,143,184,15,69.0,2430,755.0,3.0,1.0,1.06,10.0,1.05,13.89,1.06,13.89,1.05,10.52,4,1.0,1.0,1,1,1,1,5,0,1,1,2,1,7,1,0.7143,0.0
1,152,103,23,117.0,1550,518.0,3.0,1.0,1.22,4.0,1.24,4.55,1.29,4.55,1.24,3.99,4,1.0,1.0,1,1,1,1,2,1,1,1,4,2,6,3,0.3333,0.3333
1,227,134,161,198.0,331,275.0,3.0,0.0,1.36,3.0,1.42,3.14,1.44,3.2,1.38,2.99,3,1.0,1.0,1,1,1,1,1,0,1,1,1,1,2,1,0.5,0.0
1,290,15,5,100.0,5675,585.0,3.0,0.0,1.005,34.0,1.01,41.0,1.01,49.75,1.01,23.44,3,1.0,1.0,1,1,1,1,7,0,1,1,0,1,7,1,1.0,0.0
1,174,281,31,548.0,1266,59.0,3.0,1.0,1.16,5.0,1.21,5.11,1.27,5.11,1.2,4.49,4,1.0,1.0,1,1,1,1,4,1,1,1,2,2,6,3,0.6667,0.3333
1,256,264,17,61.0,1965,796.0,3.0,1.0,1.16,5.0,1.21,5.0,1.21,5.25,1.18,4.74,4,1.0,1.0,1,1,1,1,6,0,1,1,0,6,6,6,1.0,0.0
1,193,61,2,128.0,8435,459.0,3.0,2.0,1.02,19.0,1.02,21.68,1.03,27.25,1.02,16.32,5,1.0,1.0,1,1,1,1,2,0,1,1,1,1,3,1,0.6667,0.0
1,7,175,154,111.0,347,547.0,3.0,0.0,1.66,2.1,1.87,2.04,1.93,2.15,1.79,2.01,3,0.0,0.0,1,1,1,1,1,1,0,1,4,1,5,2,0.2,0.5
1,68,97,99,143.0,590,383.0,3.0,0.0,1.66,2.1,1.68,2.33,1.8,2.33,1.66,2.19,3,1.0,1.0,1,1,1,1,2,0,1,1,1,1,3,1,0.6667,0.0
1,41,95,43,35.0,995,1165.0,3.0,1.0,2.37,1.53,2.41,1.64,2.45,1.64,2.34,1.58,4,0.0,0.0,0,0,0,0,6,4,1,1,1,3,7,7,0.8571,0.5714
1,16,234,27,155.0,1450,342.0,3.0,1.0,1.11,6.5,1.11,8.2,1.13,8.5,1.1,6.93,4,1.0,1.0,1,1,1,1,7,0,1,1,0,1,7,1,1.0,0.0
1,21,99,29,73.0,1275,747.0,3.0,1.0,1.53,2.37,1.75,2.2,1.75,2.45,1.61,2.3,4,1.0,1.0,1,1,1,1,3,1,1,1,4,3,7,4,0.4286,0.25
1,28,47,51,120.0,865,506.0,3.0,1.0,1.18,4.5,1.31,3.85,1.31,4.75,1.23,4.14,4,1.0,1.0,1,1,1,1,3,0,1,1,1,1,4,1,0.75,0.0
1,69,139,1,95.0,16150,602.0,3.0,0.0,1.0,51.0,1.01,71.0,1.01,71.0,1.01,29.7,3,1.0,1.0,1,1,1,1,7,0,1,1,0,2,7,2,1.0,0.0
1,142,154,39,42.0,1067,1020.0,3.0,0.0,1.33,3.25,1.43,3.05,1.43,3.25,1.38,2.99,3,1.0,1.0,1,1,1,1,1,0,1,1,2,3,3,3,0.3333,0.0
1,287,104,49,26.0,899,1485.0,3.0,1.0,2.75,1.4,3.3,1.37,3.3,1.5,2.72,1.45,4,0.0,0.0,0,0,0,0,2,2,0,0,0,4,2,6,1.0,0.3333
1,3,252,44,50.0,976,885.0,3.0,0.0,1.57,2.25,1.72,2.25,1.83,2.48,1.61,2.28,3,1.0,1.0,1,1,1,1,2,2,0,1,2,5,4,7,0.5,0.2857
1,34,172,16,480.0,2015,75.0,3.0,0.0,1.02,17.0,1.04,15.92,1.05,17.0,1.03,13.27,3,1.0,1.0,1,1,1,1,6,0,1,1,0,1,6,1,1.0,0.0
1,247,38,60,70.0,815,752.0,3.0,1.0,1.11,6.5,1.18,5.63,1.18,6.5,1.15,5.41,4,1.0,1.0,1,1,1,1,3,0,1,1,4,1,7,1,0.4286,0.0
1,188,96,90,20.0,628,1840.0,3.0,1.0,2.75,1.4,2.97,1.45,3.0,1.48,2.85,1.41,4,0.0,0.0,0,0,0,0,1,3,0,0,1,2,2,5,0.5,0.6
1,199,288,56,33.0,844,1205.0,3.0,0.0,2.75,1.4,2.86,1.48,2.86,1.51,2.67,1.46,3,0.0,0.0,0,0,0,0,1,5,0,0,1,2,2,7,0.5,0.7143
1,82,27,11,75.0,2740,713.0,3.0,0.0,1.05,11.0,1.06,12.52,1.06,13.0,1.05,10.57,3,1.0,1.0,1,1,1,1,2,0,1,1,1,3,3,3,0.6667,0.0
1,253,75,7,101.0,3355,578.0,3.0,0.0,1.12,6.0,1.17,5.91,1.17,6.14,1.13,5.65,3,1.0,1.0,1,1,1,1,2,4,0,0,3,2,5,6,0.4,0.6667
1,0,265,65,122.0,771,499.0,3.0,2.0,1.57,2.25,1.65,2.4,1.66,2.5,1.59,2.33,5,1.0,1.0,1,1,1,1,1,1,0,1,1,2,2,3,0.5,0.3333
1,145,73,92,64.0,620,771.0,3.0,1.0,1.28,3.5,1.17,6.13,1.32,6.15,1.27,3.69,4,0.0,0.0,1,1,1,1,1,1,0,1,0,3,1,4,1.0,0.25
1,216,62,126,54.0,462,855.0,3.0,0.0,1.72,2.0,1.81,2.11,1.86,2.11,1.81,1.97,3,0.0,0.0,1,1,1,1,1,1,0,1,1,2,2,3,0.5,0.3333
1,40,65,80,38.0,701,1095.0,3.0,0.0,1.72,2.0,1.9,2.01,1.92,2.02,1.86,1.92,3,0.0,0.0,1,1,1,1,2,2,0,1,2,4,4,6,0.5,0.3333
1,2,1,13,242.0,2570,223.0,3.0,0.0,1.01,26.0,1.02,24.52,1.02,27.25,1.01,18.36,3,1.0,1.0,1,1,1,1,5,2,1,1,2,4,7,6,0.7143,0.3333
1,147,8,41,84.0,1060,695.0,3.0,1.0,1.3,3.4,1.32,3.79,1.33,3.79,1.3,3.51,4,1.0,1.0,1,1,1,1,6,4,1,1,1,2,7,6,0.8571,0.6667
1,259,189,65,54.0,793,871.0,3.0,0.0,2.0,1.8,2.09,1.83,2.09,1.91,1.98,1.82,3,0.0,0.0,0,0,0,0,2,2,0,0,1,5,3,7,0.6667,0.2857
1,28,154,153,27.0,372,1530.0,3.0,1.0,3.0,1.4,3.22,1.4,3.22,1.46,2.97,1.45,4,0.0,0.0,0,0,0,0,3,0,1,1,1,3,4,3,0.75,0.0
1,64,224,20,94.0,2065,577.0,3.0,1.0,1.2,4.5,1.22,4.85,1.23,4.85,1.21,4.41,4,1.0,1.0,1,1,1,1,5,0,1,1,2,3,7,3,0.7143,0.0
1,214,203,266,66.0,198,782.0,2.0,1.0,2.75,1.44,2.95,1.46,2.95,1.48,2.76,1.44,3,0.0,0.0,0,0,0,0,2,2,0,0,2,4,4,6,0.5,0.3333
1,242,255,102,164.0,544,345.0,3.0,0.0,1.72,2.1,1.69,2.3,1.77,2.31,1.68,2.17,3,1.0,1.0,1,1,1,1,2,0,1,1,3,1,5,1,0.4,0.0
1,41,112,21,44.0,2045,967.0,3.0,0.0,1.08,8.0,1.09,9.35,1.17,9.35,1.08,7.84,3,1.0,1.0,1,1,1,1,6,0,1,1,1,3,7,3,0.8571,0.0
1,195,188,13,114.0,2900,490.0,3.0,0.0,1.01,17.0,1.03,17.65,1.04,17.65,1.03,13.69,3,1.0,1.0,1,1,1,1,5,1,1,1,2,1,7,2,0.7143,0.5
1,207,136,24,205.0,1820,264.0,3.0,0.0,1.66,2.2,1.75,2.2,1.75,2.33,1.69,2.16,3,1.0,1.0,1,1,1,1,3,5,0,0,1,1,4,6,0.75,0.8333
1,181,14,85,113.0,630,494.0,3.0,0.0,1.44,2.75,1.5,2.8,1.5,2.88,1.44,2.74,3,1.0,1.0,1,1,1,1,2,1,1,1,4,4,6,5,0.3333,0.2
1,85,7,162,126.0,348,453.0,3.0,2.0,2.0,1.8,2.2,1.75,2.2,1.85,2.05,1.76,5,0.0,0.0,0,0,0,0,3,1,1,1,0,4,3,5,1.0,0.2
1,143,84,7,39.0,4145,1015.0,3.0,0.0,1.01,17.0,1.04,16.3,1.04,17.0,1.03,13.47,3,1.0,1.0,1,1,1,1,5,1,1,1,2,3,7,4,0.7143,0.25
1,248,37,274,55.0,192,854.0,3.0,1.0,1.61,2.3,1.65,2.4,1.69,2.4,1.63,2.27,4,0.0,0.0,1,1,1,1,1,1,0,1,0,4,1,5,1.0,0.2
1,174,281,17,98.0,2320,554.0,3.0,2.0,1.08,8.0,1.08,9.87,1.08,10.1,1.07,8.53,5,1.0,1.0,1,1,1,1,4,1,1,1,2,2,6,3,0.6667,0.3333
1,190,260,61,81.0,827,669.0,3.0,1.0,1.53,2.5,1.56,2.6,1.56,2.65,1.52,2.53,4,1.0,1.0,1,1,1,1,1,4,0,0,2,3,3,7,0.3333,0.5714
1,176,221,46,240.0,948,224.0,3.0,0.0,1.14,5.5,1.16,6.05,1.18,6.95,1.15,5.46,3,1.0,1.0,1,1,1,1,1,2,0,0,3,4,4,6,0.25,0.3333
1,111,262,52,42.0,898,998.0,3.0,1.0,1.25,4.0,1.25,4.46,1.25,4.46,1.23,4.08,4,0.0,0.0,1,1,1,1,5,0,1,1,2,2,7,2,0.7143,0.0
1,233,139,123,60.0,458,828.0,3.0,0.0,1.5,2.62,1.43,3.05,1.52,3.07,1.46,2.7,3,0.0,0.0,1,1,1,1,2,0,1,1,1,2,3,2,0.6667,0.0
1,110,227,6,38.0,4450,1016.0,3.0,0.0,1.08,8.0,1.1,8.67,1.1,8.75,1.08,7.7,3,1.0,1.0,1,1,1,1,2,1,1,1,0,1,2,2,1.0,0.5
1,24,151,41,118.0,1005,483.0,3.0,2.0,1.12,6.0,1.13,7.05,1.14,7.1,1.12,6.2,5,1.0,1.0,1,1,1,1,6,2,1,1,1,2,7,4,0.8571,0.5
1,98,115,63,32.0,811,1200.0,3.0,1.0,2.75,1.44,2.95,1.46,3.08,1.5,2.79,1.43,4,0.0,0.0,0,0,0,0,3,4,0,0,4,3,7,7,0.4286,0.5714
1,76,27,35,99.0,1135,554.0,3.0,0.0,1.16,5.0,1.21,5.0,1.21,5.05,1.19,4.68,3,1.0,1.0,1,1,1,1,2,0,1,1,0,3,2,3,1.0,0.0
1,34,264,18,142.0,2155,416.0,3.0,1.0,1.04,13.0,1.04,15.92,1.05,16.5,1.03,12.04,4,1.0,1.0,1,1,1,1,6,0,1,1,0,6,6,6,1.0,0.0
1,247,59,57,15.0,840,2415.0,3.0,0.0,3.0,1.4,3.44,1.36,3.44,1.41,3.14,1.36,3,0.0,0.0,0,0,0,0,3,2,1,1,4,2,7,4,0.4286,0.5
1,88,285,26,78.0,1565,674.0,3.0,2.0,1.22,4.33,1.21,5.0,1.23,5.0,1.2,4.5,5,1.0,1.0,1,1,1,1,4,0,1,1,3,3,7,3,0.5714,0.0
1,21,137,59,58.0,830,840.0,3.0,1.0,1.9,1.9,1.93,1.97,1.95,1.97,1.89,1.9,4,0.0,0.0,0,1,1,1,3,0,1,1,4,3,7,3,0.4286,0.0
1,69,199,2,77.0,7445,675.0,3.0,0.0,1.01,21.0,1.02,22.73,1.02,26.86,1.01,17.56,3,1.0,1.0,1,1,1,1,7,1,1,1,0,1,7,2,1.0,0.5
1,56,114,187,31.0,293,1311.0,3.0,1.0,3.5,1.3,3.35,1.38,3.55,1.4,3.29,1.33,4,0.0,0.0,0,0,0,0,1,1,0,0,0,2,1,3,1.0,0.3333
1,31,9,380,86.0,121,624.0,3.0,2.0,1.66,2.2,1.74,2.22,1.74,2.3,1.68,2.17,5,0.0,0.0,1,1,1,1,1,0,1,1,2,3,3,3,0.3333,0.0
1,2,0,12,120.0,3055,471.0,3.0,0.0,1.07,9.0,1.08,10.44,1.08,10.5,1.06,8.97,3,1.0,1.0,1,1,1,1,5,1,1,1,2,1,7,2,0.7143,0.5
1,290,232,4,45.0,5375,950.0,3.0,0.0,1.01,21.0,1.02,22.73,1.02,26.86,1.02,17.1,3,1.0,1.0,1,1,1,1,7,4,1,1,0,3,7,7,1.0,0.5714
1,113,3,470,48.0,78,935.0,3.0,0.0,1.8,2.0,1.75,2.2,1.83,2.2,1.78,2.02,3,0.0,0.0,1,1,1,1,1,2,0,0,3,2,4,4,0.25,0.5
1,12,80,40,156.0,1011,358.0,3.0,0.0,1.1,7.0,1.13,7.05,1.13,7.45,1.11,6.7,3,1.0,1.0,1,1,1,1,5,1,1,1,1,2,6,3,0.8333,0.3333
1,65,265,83,107.0,651,517.0,3.0,1.0,1.66,2.2,1.77,2.18,1.77,2.2,1.71,2.12,4,1.0,1.0,1,1,1,1,2,1,1,1,4,2,6,3,0.3333,0.3333
1,169,95,129,139.0,446,420.0,3.0,0.0,6.5,1.11,6.2,1.16,6.6,1.16,5.97,1.13,3,1.0,1.0,0,0,0,0,1,4,0,0,0,3,1,7,1.0,0.5714
1,26,40,8,230.0,3765,230.0,3.0,0.0,1.06,10.0,1.06,12.02,1.08,12.02,1.06,9.26,3,1.0,1.0,1,1,1,1,5,2,1,1,2,2,7,4,0.7143,0.5
1,82,155,33,51.0,1185,910.0,3.0,2.0,1.14,5.5,1.16,6.16,1.16,6.62,1.13,5.82,5,1.0,1.0,1,1,1,1,2,0,1,1,1,2,3,2,0.6667,0.0
1,148,55,90,146.0,595,401.0,3.0,2.0,2.62,1.5,2.73,1.52,2.75,1.57,2.57,1.5,5,1.0,1.0,0,0,0,0,2,1,1,1,0,1,2,2,1.0,0.5
1,16,128,23,287.0,1865,181.0,3.0,0.0,1.06,10.0,1.07,11.0,1.09,11.0,1.06,9.17,3,1.0,1.0,1,1,1,1,7,0,1,1,0,1,7,1,1.0,0.0
1,152,144,36,138.0,1115,425.0,3.0,0.0,1.5,2.62,1.51,2.76,1.57,2.78,1.51,2.58,3,1.0,1.0,1,1,1,1,2,1,1,1,4,3,6,4,0.3333,0.25
1,257,99,87,96.0,624,565.0,3.0,1.0,2.62,1.5,2.84,1.49,2.84,1.61,2.62,1.49,4,1.0,1.0,0,0,0,0,1,1,0,0,0,3,1,4,1.0,0.25
1,288,179,29,68.0,1350,769.0,3.0,2.0,1.3,3.5,1.4,3.25,1.42,3.5,1.35,3.2,5,1.0,1.0,1,1,1,1,5,1,1,1,2,5,7,6,0.7143,0.1667
1,70,79,25,127.0,1605,452.0,3.0,1.0,1.11,6.5,1.11,8.02,1.13,8.14,1.1,6.99,4,1.0,1.0,1,1,1,1,6,0,1,1,1,1,7,1,0.8571,0.0
1,8,165,82,72.0,662,731.0,3.0,0.0,1.72,2.1,1.72,2.25,1.73,2.28,1.68,2.19,3,0.0,0.0,1,1,1,1,4,1,1,1,2,1,6,2,0.6667,0.5
1,73,277,80,75.0,669,685.0,3.0,0.0,2.0,1.8,1.99,1.92,2.0,1.92,1.95,1.84,3,0.0,0.0,0,0,0,0,1,0,1,1,3,1,4,1,0.25,0.0
1,11,104,19,43.0,2155,990.0,3.0,0.0,1.53,2.5,1.56,2.62,1.56,2.75,1.51,2.53,3,1.0,1.0,1,1,1,1,2,2,0,1,0,4,2,6,1.0,0.3333
1,217,173,50,285.0,925,183.0,3.0,2.0,1.22,4.33,1.27,4.22,1.28,4.7,1.24,4.09,5,1.0,1.0,1,1,1,1,3,0,1,1,1,1,4,1,0.75,0.0
1,119,185,30,115.0,1325,489.0,3.0,0.0,1.25,4.0,1.34,3.56,1.34,4.0,1.29,3.62,3,1.0,1.0,1,1,1,1,1,5,0,0,0,1,1,6,1.0,0.8333
1,284,216,89,64.0,611,801.0,3.0,0.0,2.1,1.72,2.27,1.71,2.32,1.72,2.22,1.65,3,0.0,0.0,0,0,0,0,1,1,0,0,0,1,1,2,1.0,0.5
1,175,129,67,28.0,781,1495.0,3.0,1.0,2.1,1.72,2.02,1.88,2.18,1.88,2.04,1.77,4,0.0,0.0,0,0,0,0,1,1,0,0,1,4,2,5,0.5,0.2
1,206,35,3,152.0,5695,376.0,3.0,0.0,1.07,9.0,1.05,13.9,1.08,13.9,1.04,10.68,3,1.0,1.0,1,1,1,1,4,0,1,1,2,3,6,3,0.6667,0.0
1,96,180,56,71.0,845,741.0,3.0,0.0,1.12,6.0,1.15,6.35,1.15,6.5,1.13,5.91,3,1.0,1.0,1,1,1,1,3,2,1,1,2,2,5,4,0.6,0.5
1,287,142,69,62.0,755,825.0,3.0,1.0,1.44,2.75,1.45,3.0,1.48,3.1,1.43,2.83,4,0.0,0.0,1,1,1,1,2,1,1,1,0,2,2,3,1.0,0.3333
1,182,147,37,10.0,1085,3150.0,3.0,1.0,5.0,1.16,5.23,1.2,5.38,1.2,4.92,1.17,4,0.0,0.0,0,0,0,0,4,6,0,0,1,1,5,7,0.8,0.8571
1,94,231,53,207.0,896,262.0,3.0,1.0,1.28,3.75,1.29,4.05,1.29,5.0,1.22,4.27,4,1.0,1.0,1,1,1,1,6,0,1,1,0,3,6,3,1.0,0.0
1,269,109,9,,3650,,3.0,1.0,1.02,17.0,1.03,17.65,1.03,18.5,1.02,14.08,4,,,1,1,1,1,6,0,1,1,0,2,6,2,1.0,0.0
1,283,81,74,88.0,705,613.0,3.0,0.0,1.14,5.5,1.17,6.02,1.17,6.02,1.14,5.5,3,1.0,1.0,1,1,1,1,3,3,0,1,3,3,6,6,0.5,0.5
1,193,13,1,73.0,10370,705.0,3.0,1.0,1.16,5.0,1.18,5.55,1.18,5.8,1.16,5.09,4,1.0,1.0,1,1,1,1,2,1,1,1,1,2,3,3,0.6667,0.3333
1,62,252,34,188.0,1153,290.0,3.0,0.0,1.3,3.5,1.32,3.74,1.32,3.74,1.3,3.5,3,1.0,1.0,1,1,1,1,1,2,0,0,2,5,3,7,0.3333,0.2857
1,209,273,16,76.0,2365,685.0,3.0,0.0,1.08,8.0,1.1,8.67,1.1,8.67,1.08,7.69,3,1.0,1.0,1,1,1,1,4,1,1,1,1,1,5,2,0.8,0.5
1,183,106,95,330.0,570,145.0,3.0,2.0,1.08,8.0,1.13,7.05,1.13,8.0,1.11,6.69,5,1.0,1.0,1,1,1,1,3,0,1,1,1,2,4,2,0.75,0.0
1,53,263,49,108.0,933,512.0,3.0,0.0,1.3,3.5,1.34,3.56,1.38,3.56,1.33,3.32,3,1.0,1.0,1,1,1,1,4,0,1,1,0,1,4,1,1.0,0.0
1,256,225,22,92.0,2020,592.0,3.0,1.0,1.25,4.0,1.2,5.24,1.27,5.24,1.22,4.28,4,1.0,1.0,1,1,1,1,6,2,1,1,0,5,6,7,1.0,0.2857
1,49,75,14,47.0,2885,943.0,3.0,1.0,1.2,4.5,1.24,4.65,1.24,5.0,1.2,4.54,4,1.0,1.0,1,1,1,1,2,4,0,0,1,2,3,6,0.6667,0.6667
1,149,253,91,11.0,593,3120.0,3.0,1.0,15.0,1.03,22.73,1.02,26.86,1.03,16.04,1.02,4,0.0,0.0,0,0,0,0,1,2,0,0,0,3,1,5,1.0,0.4
1,81,1,97,197.0,634,303.0,3.0,2.0,2.0,1.8,2.12,1.81,2.18,1.91,2.06,1.77,5,1.0,1.0,0,0,0,0,3,2,1,1,3,4,6,6,0.5,0.3333
1,99,71,29,113.0,1415,471.0,3.0,0.0,1.44,2.75,1.48,2.86,1.54,3.02,1.46,2.72,3,1.0,1.0,1,1,1,1,1,0,1,1,3,4,4,4,0.25,0.0
1,195,198,5,182.0,4870,320.0,3.0,0.0,1.05,2.26,1.62,2.26,1.03,25.0,1.02,19.0,3,1.0,1.0,1,1,1,1,5,0,1,1,2,1,7,1,0.7143,0.0
1,165,231,57,61.0,910,888.0,3.0,2.0,2.75,1.44,2.8,1.5,2.86,1.55,2.67,1.48,5,1.0,1.0,0,0,0,0,1,0,1,1,1,3,2,3,0.5,0.0
1,209,219,37,306.0,1220,166.0,3.0,1.0,1.16,5.0,1.2,5.24,1.2,6.13,1.17,5.18,4,1.0,1.0,1,1,1,1,4,1,1,1,1,2,5,3,0.8,0.3333
1,217,133,117,101.0,463,596.0,3.0,1.0,1.5,2.62,1.46,2.95,1.57,2.95,1.51,2.58,4,0.0,0.0,1,1,1,1,3,3,0,1,1,3,4,6,0.75,0.5
1,41,35,11,146.0,2415,383.0,3.0,1.0,1.16,5.0,1.19,5.42,1.22,5.8,1.17,5.13,4,1.0,1.0,1,1,1,1,6,0,1,1,1,3,7,3,0.8571,0.0
1,269,243,21,307.0,1710,165.0,3.0,0.0,1.04,13.0,1.04,15.08,1.06,15.72,1.03,12.49,3,1.0,1.0,1,1,1,1,6,0,1,1,0,3,6,3,1.0,0.0
1,192,207,141,92.0,398,665.0,3.0,0.0,2.1,1.72,2.27,1.71,2.3,1.77,2.18,1.69,3,0.0,0.0,0,0,0,0,3,3,0,0,2,1,5,4,0.6,0.75
1,182,22,35,266.0,1280,207.0,3.0,2.0,1.25,4.0,1.25,4.46,1.29,4.55,1.25,4.05,5,1.0,1.0,1,1,1,1,4,3,1,1,1,2,5,5,0.8,0.6
1,150,66,96,156.0,639,351.0,3.0,1.0,1.61,2.3,1.65,2.4,1.69,2.4,1.63,2.3,4,1.0,1.0,1,1,1,1,4,1,1,1,0,3,4,4,1.0,0.25
1,174,203,16,53.0,2030,974.0,3.0,0.0,1.2,4.5,1.22,4.85,1.3,4.85,1.22,4.37,3,1.0,1.0,1,1,1,1,4,2,1,1,2,4,6,6,0.6667,0.3333
1,249,90,108,68.0,506,849.0,3.0,2.0,1.5,2.62,1.54,2.66,1.57,2.66,1.51,2.57,5,0.0,0.0,1,1,1,1,1,4,0,0,1,2,2,6,0.5,0.6667
1,147,252,3,102.0,5615,594.0,3.0,0.0,1.01,21.0,1.01,25.99,1.03,28.5,1.01,20.11,3,1.0,1.0,1,1,1,1,6,2,1,1,1,5,7,7,0.8571,0.2857
1,2,176,9,44.0,3020,1155.0,3.0,2.0,1.14,5.5,1.16,6.28,1.17,6.28,1.15,5.52,5,1.0,1.0,1,1,1,1,5,1,1,1,2,3,7,4,0.7143,0.25
1,95,190,69,278.0,835,201.0,3.0,1.0,1.53,2.5,1.53,2.71,1.58,2.71,1.51,2.56,4,1.0,1.0,1,1,1,1,4,1,1,1,3,2,7,3,0.5714,0.3333
1,30,224,72,94.0,806,662.0,3.0,2.0,1.4,2.75,1.48,2.86,1.48,3.0,1.44,2.8,5,1.0,1.0,1,1,1,1,4,0,1,1,2,3,6,3,0.6667,0.0
1,28,206,67,30.0,850,1400.0,3.0,2.0,2.2,1.66,2.3,1.69,2.33,1.76,2.22,1.67,5,0.0,0.0,0,0,0,0,3,4,0,0,1,2,4,6,0.75,0.6667
1,232,138,51,76.0,1020,753.0,3.0,1.0,1.4,3.0,1.4,3.22,1.44,3.22,1.38,3.04,4,1.0,1.0,1,1,1,1,4,3,1,1,3,3,7,6,0.5714,0.5
1,136,157,39,213.0,1212,278.0,3.0,1.0,1.14,5.5,1.11,8.05,1.14,8.5,1.1,7.07,4,1.0,1.0,1,1,1,1,5,0,1,1,1,3,6,3,0.8333,0.0
1,40,154,160,34.0,342,1300.0,3.0,1.0,1.4,3.0,1.5,2.8,1.5,3.0,1.43,2.83,4,0.0,0.0,1,1,1,1,2,0,1,1,2,3,4,3,0.5,0.0
1,94,10,38,412.0,1220,96.0,3.0,0.0,1.06,11.0,1.04,15.92,1.07,15.92,1.04,11.48,3,1.0,1.0,1,1,1,1,6,0,1,1,0,1,6,1,1.0,0.0
1,85,84,190,206.0,313,291.0,3.0,1.0,2.1,1.72,2.34,1.68,2.34,1.75,2.13,1.71,4,1.0,1.0,0,0,0,0,3,1,1,1,0,3,3,4,1.0,0.25
1,18,162,85,43.0,682,1175.0,1.0,0.0,2.5,1.53,2.6,1.56,2.6,1.58,2.49,1.54,1,0.0,0.0,0,0,0,0,3,0,1,1,2,4,5,4,0.6,0.0
1,260,247,60,80.0,894,720.0,3.0,0.0,1.44,2.75,1.48,2.86,1.48,2.94,1.45,2.77,3,1.0,1.0,1,1,1,1,4,3,1,1,3,4,7,7,0.5714,0.4286
1,34,73,13,100.0,2120,602.0,3.0,2.0,1.08,9.0,1.09,9.01,1.1,9.6,1.08,8.35,5,1.0,1.0,1,1,1,1,6,1,1,1,0,3,6,4,1.0,0.25
1,131,82,155,41.0,356,1190.0,3.0,2.0,2.75,1.44,2.8,1.5,2.9,1.5,2.77,1.44,5,0.0,0.0,0,0,0,0,3,2,1,1,2,1,5,3,0.6,0.6667
1,69,31,22,134.0,1665,421.0,3.0,0.0,1.06,11.0,1.06,12.02,1.07,12.5,1.05,10.45,3,1.0,1.0,1,1,1,1,7,1,1,1,0,2,7,3,1.0,0.3333
1,12,104,40,24.0,1200,1620.0,3.0,1.0,1.72,2.1,1.69,2.3,1.74,2.3,1.68,2.19,4,0.0,0.0,1,1,1,1,5,2,1,1,1,4,6,6,0.8333,0.3333
1,143,246,8,119.0,3355,462.0,3.0,0.0,1.07,10.0,1.05,13.9,1.08,14.5,1.05,11.12,3,1.0,1.0,1,1,1,1,5,1,1,1,2,1,7,2,0.7143,0.5
1,265,142,315,84.0,159,689.0,0.0,1.0,1.44,2.75,1.43,3.05,1.51,3.05,1.45,2.77,1,0.0,0.0,1,1,1,1,1,1,0,1,2,2,3,3,0.3333,0.3333
1,105,140,185,81.0,317,717.0,3.0,1.0,1.5,2.62,1.47,2.9,1.54,2.9,1.49,2.65,4,0.0,0.0,1,1,1,1,2,0,1,1,0,1,2,1,1.0,0.0
1,120,225,157,91.0,350,669.0,3.0,2.0,1.33,3.4,1.28,4.14,1.33,4.15,1.27,3.76,5,0.0,0.0,1,1,1,1,5,2,1,1,0,5,5,7,1.0,0.2857
1,115,98,65,77.0,870,747.0,3.0,1.0,1.57,2.37,1.56,2.6,1.62,2.63,1.56,2.44,4,1.0,1.0,1,1,1,1,4,3,1,1,3,4,7,7,0.5714,0.4286
1,64,181,36,83.0,1260,694.0,3.0,0.0,1.61,2.3,1.66,2.37,1.67,2.39,1.62,2.3,3,1.0,1.0,1,1,1,1,5,2,1,1,2,4,7,6,0.7143,0.3333
1,180,9,63,98.0,872,616.0,3.0,2.0,1.3,3.5,1.32,3.74,1.33,3.8,1.3,3.55,5,1.0,1.0,1,1,1,1,2,0,1,1,2,3,4,3,0.5,0.0
1,129,179,15,58.0,2095,903.0,3.0,0.0,2.1,1.72,2.2,1.75,2.21,1.77,2.13,1.72,3,1.0,1.0,0,0,0,0,1,1,0,0,4,5,5,6,0.2,0.1667
1,24,67,12,130.0,2165,430.0,3.0,0.0,1.11,7.0,1.11,8.05,1.14,8.5,1.1,7.04,3,1.0,1.0,1,1,1,1,6,0,1,1,1,1,7,1,0.8571,0.0
1,70,65,32,50.0,1395,1045.0,3.0,0.0,1.36,3.2,1.33,3.64,1.39,3.64,1.35,3.26,3,1.0,1.0,1,1,1,1,6,2,1,1,1,4,7,6,0.8571,0.3333
1,16,111,75,66.0,755,850.0,3.0,0.0,1.66,2.2,1.72,2.25,1.73,2.31,1.69,2.19,3,0.0,0.0,1,1,1,1,7,5,1,1,0,2,7,7,1.0,0.7143
1,26,23,4,1072.0,4950,8.0,3.0,0.0,1.01,21.0,1.01,25.99,1.03,28.4,1.01,19.49,3,1.0,1.0,1,1,1,1,5,1,1,1,2,3,7,4,0.7143,0.25
1,75,27,71,79.0,830,726.0,3.0,0.0,1.4,3.0,1.38,3.33,1.44,3.33,1.38,3.1,3,1.0,1.0,1,1,1,1,4,0,1,1,2,3,6,3,0.6667,0.0
1,196,262,70,56.0,831,920.0,3.0,0.0,1.66,2.2,1.71,2.27,1.71,2.33,1.67,2.21,3,0.0,0.0,1,1,1,1,1,0,1,1,2,2,3,2,0.3333,0.0
1,83,14,188,54.0,315,953.0,3.0,1.0,2.37,1.57,2.52,1.59,2.55,1.64,2.4,1.58,4,0.0,0.0,0,0,0,0,2,1,1,1,3,4,5,5,0.4,0.2
1,220,264,25,59.0,1573,901.0,3.0,0.0,1.4,3.0,1.47,2.9,1.49,3.2,1.41,2.92,3,1.0,1.0,1,1,1,1,2,0,1,1,2,6,4,6,0.5,0.0
1,96,62,7,74.0,3635,780.0,3.0,0.0,1.11,7.0,1.12,7.73,1.15,7.73,1.11,6.55,3,1.0,1.0,1,1,1,1,3,1,1,1,2,2,5,3,0.6,0.3333
1,103,228,115,73.0,466,794.0,3.0,2.0,1.3,3.5,1.31,3.85,1.35,3.85,1.3,3.49,5,0.0,0.0,1,1,1,1,1,0,1,1,2,2,3,2,0.3333,0.0
1,256,17,10,173.0,2980,327.0,3.0,0.0,1.16,5.0,1.14,6.69,1.04,23.0,1.03,16.14,3,1.0,1.0,1,1,1,1,6,0,1,1,0,1,6,1,1.0,0.0
1,25,107,45,88.0,1122,673.0,3.0,0.0,1.16,5.0,1.19,5.42,1.21,5.5,1.18,5.07,3,1.0,1.0,1,1,1,1,4,0,1,1,1,3,5,3,0.8,0.0
1,288,118,18,128.0,1940,431.0,3.0,0.0,1.3,3.5,1.36,3.48,1.37,3.6,1.33,3.35,3,1.0,1.0,1,1,1,1,5,1,1,1,2,4,7,5,0.7143,0.2
1,53,221,17,105.0,1950,541.0,3.0,0.0,1.12,6.0,1.12,7.42,1.16,7.42,1.12,6.45,3,1.0,1.0,1,1,1,1,4,2,1,1,0,4,4,6,1.0,0.3333
1,259,285,103,48.0,590,1070.0,3.0,1.0,1.44,2.75,1.47,2.93,1.47,3.49,1.43,2.84,4,0.0,0.0,1,1,1,1,2,0,1,1,1,3,3,3,0.6667,0.0
1,185,21,78,49.0,728,1051.0,3.0,0.0,2.0,1.8,1.92,1.99,2.0,1.99,1.93,1.87,3,0.0,0.0,0,1,0,0,5,3,1,1,1,4,6,7,0.8333,0.4286
1,39,158,110,93.0,490,665.0,3.0,0.0,1.9,1.9,1.87,2.04,1.97,2.04,1.86,1.95,3,0.0,0.0,0,1,1,1,1,0,1,1,0,1,1,1,1.0,0.0
1,88,189,46,26.0,1110,1535.0,3.0,0.0,1.5,2.62,1.5,2.8,1.52,2.8,1.48,2.68,3,0.0,0.0,1,1,1,1,4,2,1,1,3,5,7,7,0.5714,0.2857
1,290,113,1,129.0,8770,430.0,3.0,0.0,1.005,29.0,1.01,32.24,1.02,29.0,1.02,25.0,3,1.0,1.0,1,1,1,1,7,1,1,1,0,3,7,4,1.0,0.25
1,63,59,136,14.0,418,2110.0,3.0,2.0,4.0,1.25,4.85,1.22,4.85,1.25,4.52,1.21,5,0.0,0.0,0,0,0,0,1,2,0,0,0,2,1,4,1.0,0.5
1,124,92,122,104.0,453,572.0,3.0,0.0,1.14,5.5,1.17,6.02,1.18,6.15,1.15,5.47,3,0.0,0.0,1,1,1,1,1,0,1,1,0,2,1,2,1.0,0.0
1,114,112,64,90.0,870,671.0,3.0,0.0,1.44,2.75,1.4,3.22,1.45,3.22,1.4,3.01,3,1.0,1.0,1,1,1,1,1,0,1,1,2,3,3,3,0.3333,0.0
1,130,3,6,116.0,4450,465.0,3.0,1.0,1.12,6.0,1.13,7.31,1.14,7.51,1.11,6.53,4,1.0,1.0,1,1,1,1,2,2,0,1,0,2,2,4,1.0,0.5
1,233,152,127,33.0,433,1375.0,3.0,0.0,3.75,1.28,4.32,1.26,4.32,1.3,3.97,1.25,3,0.0,0.0,0,0,0,0,2,2,0,0,1,4,3,6,0.6667,0.3333
1,281,280,62,42.0,882,1186.0,3.0,1.0,3.75,1.28,4.22,1.27,4.22,1.3,3.9,1.25,4,0.0,0.0,0,0,0,0,1,1,0,0,2,2,3,3,0.3333,0.3333
1,8,241,87,124.0,680,449.0,3.0,1.0,1.3,3.5,1.29,4.05,1.3,4.08,1.27,3.79,4,1.0,1.0,1,1,1,1,4,0,1,1,2,1,6,1,0.6667,0.0
1,283,49,86,20.0,680,1750.0,3.0,2.0,2.62,1.5,2.75,1.51,2.75,1.56,2.58,1.51,5,0.0,0.0,0,0,0,0,3,2,1,1,3,1,6,3,0.5,0.6667
1,26,103,13,96.0,2710,592.0,3.0,0.0,1.08,8.0,1.08,10.62,1.11,10.62,1.08,8.01,3,1.0,1.0,1,1,1,1,5,1,1,1,2,2,7,3,0.7143,0.3333
1,235,135,109,61.0,520,827.0,3.0,1.0,2.0,1.8,2.12,1.81,2.18,1.85,2.04,1.78,4,0.0,0.0,0,0,0,0,1,0,1,1,3,4,4,4,0.25,0.0
1,120,40,63,79.0,810,687.0,3.0,0.0,1.28,3.75,1.28,4.15,1.31,4.15,1.27,3.81,3,1.0,1.0,1,1,1,1,5,2,1,1,0,2,5,4,1.0,0.5
1,150,118,31,93.0,1320,602.0,3.0,1.0,1.2,4.5,1.19,5.42,1.22,5.42,1.18,4.81,4,1.0,1.0,1,1,1,1,4,1,1,1,0,4,4,5,1.0,0.2
1,195,137,46,303.0,997,115.0,3.0,2.0,1.16,5.0,1.2,5.21,1.2,5.5,1.18,5.0,5,1.0,1.0,1,1,1,1,5,0,1,1,2,3,7,3,0.7143,0.0
1,136,196,6,116.0,4080,493.0,3.0,0.0,1.03,15.0,1.03,17.6,1.04,21.0,1.03,14.56,3,1.0,1.0,1,1,1,1,5,1,1,1,1,2,6,3,0.8333,0.3333
1,66,180,144,92.0,391,602.0,3.0,1.0,1.8,2.0,1.79,2.15,1.82,2.15,1.77,2.05,4,0.0,0.0,1,1,1,1,1,2,0,0,3,2,4,4,0.25,0.5
1,269,7,7,151.0,3860,376.0,3.0,0.0,1.14,5.5,1.15,6.48,1.18,6.48,1.15,5.57,3,1.0,1.0,1,1,1,1,6,1,1,1,0,4,6,5,1.0,0.2
1,3,30,252,19.0,182,1840.0,3.0,2.0,8.0,1.08,8.18,1.11,9.3,1.13,7.62,1.09,5,0.0,0.0,0,0,0,0,2,4,0,0,2,2,4,6,0.5,0.6667
1,261,19,3,74.0,5950,732.0,3.0,0.0,1.11,6.5,1.11,8.01,1.15,8.01,1.11,6.69,3,1.0,1.0,1,1,1,1,2,2,0,1,0,2,2,4,1.0,0.5
1,270,239,86,88.0,651,629.0,3.0,0.0,1.2,4.5,1.24,4.62,1.24,4.85,1.21,4.45,3,1.0,1.0,1,1,1,1,2,0,1,1,1,1,3,1,0.6667,0.0
1,24,25,20,50.0,1755,965.0,3.0,2.0,1.28,3.75,1.38,3.36,1.38,3.76,1.32,3.41,5,1.0,1.0,1,1,1,1,6,4,1,1,1,1,7,5,0.8571,0.8
1,133,64,32,87.0,1314,640.0,3.0,0.0,1.72,2.1,1.77,2.18,1.78,2.18,1.74,2.11,3,1.0,1.0,1,1,1,1,3,5,0,0,3,2,6,7,0.5,0.7143
1,104,176,54,67.0,895,781.0,3.0,1.0,1.22,4.33,1.25,4.42,1.26,4.42,1.24,4.1,4,1.0,1.0,1,1,1,1,2,1,1,1,4,3,6,4,0.3333,0.25
1,280,247,68,105.0,770,546.0,3.0,0.0,1.66,2.2,1.66,2.37,1.7,2.47,1.63,2.29,3,1.0,1.0,1,1,1,1,1,3,0,0,2,4,3,7,0.3333,0.4286
1,2,252,29,73.0,1325,734.0,3.0,0.0,1.08,8.0,1.07,10.68,1.1,10.68,1.07,8.58,3,1.0,1.0,1,1,1,1,5,2,1,1,2,5,7,7,0.7143,0.2857
1,102,98,78,16.0,695,1970.0,3.0,0.0,2.5,1.53,2.6,1.56,2.78,1.6,2.58,1.51,3,0.0,0.0,0,0,0,0,2,3,0,0,2,4,4,7,0.5,0.4286
1,238,71,85,81.0,656,675.0,3.0,2.0,1.5,2.62,1.45,2.97,1.52,2.97,1.47,2.71,5,0.0,0.0,1,1,1,1,3,0,1,1,1,4,4,4,0.75,0.0
1,41,21,57,70.0,860,750.0,3.0,0.0,1.8,2.0,1.8,2.13,1.91,2.17,1.83,1.98,3,1.0,1.0,1,1,1,1,6,3,1,1,1,4,7,7,0.8571,0.4286
1,221,45,25,89.0,1410,618.0,3.0,0.0,1.2,4.5,1.17,5.85,1.22,5.85,1.17,5.05,3,1.0,1.0,1,1,1,1,2,0,1,1,4,1,6,1,0.3333,0.0
1,8,203,43,14.0,1053,2625.0,3.0,2.0,3.4,1.33,3.56,1.34,3.56,1.36,3.35,1.33,5,0.0,0.0,0,0,0,0,4,2,1,1,2,4,6,6,0.6667,0.3333
1,5,179,60,34.0,838,1230.0,3.0,2.0,1.44,2.75,1.42,3.13,1.5,3.14,1.43,2.82,5,0.0,0.0,1,1,1,1,3,1,1,1,1,5,4,6,0.75,0.1667
1,192,72,110,212.0,515,234.0,3.0,0.0,1.44,2.75,1.52,2.74,1.57,2.88,1.5,2.61,3,1.0,1.0,1,1,1,1,3,0,1,1,2,1,5,1,0.6,0.0
1,6,32,114,178.0,504,286.0,3.0,0.0,1.44,2.75,1.46,2.94,1.5,2.94,1.45,2.76,3,1.0,1.0,1,1,1,1,1,0,1,1,0,1,1,1,1.0,0.0
1,33,116,37,59.0,1201,853.0,3.0,0.0,1.4,3.0,1.38,3.33,1.42,3.35,1.38,3.06,3,1.0,1.0,1,1,1,1,4,1,1,1,0,3,4,4,1.0,0.25
1,70,114,39,102.0,1125,570.0,3.0,0.0,1.11,6.5,1.15,6.55,1.16,7.5,1.12,6.3,3,1.0,1.0,1,1,1,1,6,1,1,1,1,2,7,3,0.8571,0.3333
1,138,106,76,304.0,707,111.0,3.0,0.0,1.2,4.5,1.18,5.68,1.22,5.68,1.18,4.96,3,1.0,1.0,1,1,1,1,3,0,1,1,3,2,6,2,0.5,0.0
1,290,237,2,180.0,7945,284.0,3.0,0.0,1.005,29.0,1.005,35.08,1.02,40.0,1.01,24.63,3,1.0,1.0,1,1,1,1,7,0,1,1,0,2,7,2,1.0,0.0
1,12,111,15,95.0,2525,595.0,3.0,1.0,1.2,4.5,1.18,5.61,1.22,5.65,1.18,4.98,4,1.0,1.0,1,1,1,1,5,5,0,1,1,2,6,7,0.8333,0.7143
1,185,249,23,101.0,1460,572.0,3.0,1.0,1.2,4.5,1.26,4.34,1.26,5.0,1.22,4.34,4,1.0,1.0,1,1,1,1,5,1,1,1,1,1,6,2,0.8333,0.5
1,48,291,104,134.0,548,418.0,3.0,0.0,1.9,1.9,1.95,1.95,1.98,2.03,1.89,1.93,3,1.0,1.0,0,0,1,1,3,2,1,1,1,2,4,4,0.75,0.5
1,206,35,28,132.0,1365,420.0,3.0,1.0,1.11,6.5,1.1,8.72,1.14,8.72,1.1,7.14,4,1.0,1.0,1,1,1,1,4,0,1,1,2,3,6,3,0.6667,0.0
1,115,233,33,111.0,1235,512.0,3.0,0.0,1.12,6.0,1.14,6.87,1.15,6.87,1.14,5.91,3,1.0,1.0,1,1,1,1,4,2,1,1,3,1,7,3,0.5714,0.6667
1,253,162,82,121.0,670,465.0,3.0,1.0,1.22,4.33,1.22,4.89,1.23,5.0,1.2,4.6,4,1.0,1.0,1,1,1,1,2,0,1,1,3,4,5,4,0.4,0.0
1,201,131,147,53.0,388,900.0,3.0,1.0,3.75,1.28,4.21,1.27,4.21,1.31,3.86,1.26,4,0.0,0.0,0,0,0,0,1,3,0,0,2,2,3,5,0.3333,0.6
1,69,83,1,44.0,12355,1040.0,3.0,0.0,1.03,15.0,1.04,16.35,1.05,17.0,1.03,13.12,3,1.0,1.0,1,1,1,1,7,2,1,1,0,3,7,5,1.0,0.4
1,208,78,90,149.0,617,385.0,3.0,2.0,1.57,2.37,1.63,2.45,1.64,2.49,1.6,2.35,5,1.0,1.0,1,1,1,1,3,0,1,1,1,2,4,2,0.75,0.0
1,232,224,38,83.0,1168,667.0,3.0,1.0,1.14,5.5,1.21,5.12,1.21,5.6,1.18,4.97,4,1.0,1.0,1,1,1,1,4,0,1,1,3,3,7,3,0.5714,0.0
1,81,14,40,100.0,1101,574.0,3.0,1.0,1.33,3.4,1.33,3.66,1.36,3.79,1.33,3.36,4,1.0,1.0,1,1,1,1,3,1,1,1,3,4,6,5,0.5,0.2
1,286,42,91,173.0,616,292.0,3.0,1.0,3.2,1.36,3.28,1.39,3.5,1.4,3.18,1.35,4,1.0,1.0,0,0,0,0,3,0,1,1,1,1,4,1,0.75,0.0
1,16,243,47,190.0,983,269.0,3.0,0.0,1.16,5.0,1.17,5.86,1.18,5.86,1.17,5.19,3,1.0,1.0,1,1,1,1,7,0,1,1,0,3,7,3,1.0,0.0
1,75,220,45,24.0,1035,1425.0,3.0,0.0,1.57,2.37,1.53,2.71,1.58,2.71,1.52,2.54,3,0.0,0.0,1,1,1,1,4,2,1,1,2,2,6,4,0.6667,0.5
1,143,91,4,131.0,4685,421.0,3.0,1.0,1.02,19.0,1.02,21.16,1.03,26.5,1.02,16.85,4,1.0,1.0,1,1,1,1,5,2,1,1,2,2,7,4,0.7143,0.5
1,288,65,12,71.0,2785,750.0,3.0,1.0,1.16,5.0,1.16,6.06,1.18,6.25,1.15,5.52,4,1.0,1.0,1,1,1,1,5,2,1,1,2,4,7,6,0.7143,0.3333
1,90,84,42,84.0,1055,665.0,3.0,0.0,1.14,5.5,1.14,6.97,1.16,7.3,1.14,5.95,3,1.0,1.0,1,1,1,1,4,1,1,1,2,3,6,4,0.6667,0.25
1,95,28,75,136.0,731,416.0,3.0,1.0,1.3,3.5,1.34,3.63,1.34,3.7,1.31,3.48,4,1.0,1.0,1,1,1,1,4,3,1,1,3,1,7,4,0.5714,0.75
1,130,231,9,58.0,3235,855.0,3.0,1.0,1.3,3.5,1.28,4.15,1.32,4.25,1.27,3.86,4,1.0,1.0,1,1,1,1,2,0,1,1,0,3,2,3,1.0,0.0
1,147,264,5,56.0,4360,875.0,3.0,2.0,1.11,6.5,1.13,7.01,1.15,7.3,1.12,6.38,5,1.0,1.0,1,1,1,1,6,0,1,1,1,6,7,6,0.8571,0.0
1,22,123,72,66.0,741,796.0,3.0,2.0,1.33,3.4,1.32,3.72,1.42,3.72,1.33,3.33,5,0.0,0.0,1,1,1,1,3,3,0,1,2,1,5,4,0.6,0.75
1,219,18,273,49.0,151,975.0,3.0,0.0,2.3,1.61,2.24,1.73,2.35,1.73,2.25,1.65,3,0.0,0.0,0,0,0,0,1,3,0,0,2,2,3,5,0.3333,0.6
1,267,108,148,183.0,386,278.0,3.0,0.0,1.61,2.3,1.69,2.3,1.7,2.35,1.65,2.24,3,1.0,1.0,1,1,1,1,3,0,1,1,1,1,4,1,0.75,0.0
1,260,183,35,112.0,1226,509.0,3.0,0.0,1.44,2.75,1.55,2.64,1.55,2.8,1.48,2.66,3,1.0,1.0,1,1,1,1,4,3,1,1,3,1,7,4,0.5714,0.75
1,53,283,30,41.0,1325,1065.0,3.0,2.0,1.72,2.1,1.78,2.17,1.8,2.17,1.76,2.08,5,1.0,1.0,1,1,1,1,4,3,1,1,0,3,4,6,1.0,0.5
1,207,152,94,108.0,599,530.0,3.0,1.0,2.75,1.44,2.66,1.54,2.79,1.61,2.64,1.49,4,1.0,1.0,0,0,0,0,3,2,1,1,1,4,4,6,0.75,0.3333
1,34,88,21,65.0,1690,805.0,3.0,0.0,1.22,4.33,1.19,5.38,1.23,5.38,1.19,4.68,3,1.0,1.0,1,1,1,1,6,4,1,1,0,3,6,7,1.0,0.5714
1,225,166,69,133.0,757,418.0,3.0,0.0,2.75,1.44,2.76,1.51,2.88,1.51,2.72,1.46,3,1.0,1.0,0,0,0,0,2,2,0,0,5,2,7,4,0.2857,0.5
1,217,181,55,51.0,883,955.0,3.0,2.0,1.57,2.37,1.6,2.5,1.6,2.63,1.55,2.48,5,0.0,0.0,1,1,1,1,3,2,1,1,1,4,4,6,0.75,0.3333
1,94,279,11,,2800,,3.0,0.0,1.04,13.0,1.05,13.87,1.06,15.25,1.04,12.38,3,,,1,1,1,1,6,0,1,1,0,1,6,1,1.0,0.0
1,174,113,26,187.0,1385,272.0,3.0,0.0,1.4,3.0,1.45,3.0,1.45,3.05,1.41,2.91,3,1.0,1.0,1,1,1,1,4,1,1,1,2,3,6,4,0.6667,0.25
1,182,37,27,80.0,1370,678.0,3.0,1.0,1.22,4.33,1.22,4.9,1.25,4.9,1.22,4.36,4,1.0,1.0,1,1,1,1,4,1,1,1,1,4,5,5,0.8,0.2
1,1,228,127,64.0,438,806.0,3.0,1.0,1.25,4.0,1.27,4.24,1.36,4.33,1.25,3.99,4,0.0,0.0,1,1,1,1,2,0,1,1,4,2,6,2,0.3333,0.0
1,29,99,146,52.0,388,913.0,3.0,1.0,3.4,1.33,3.64,1.33,3.64,1.35,3.44,1.31,4,0.0,0.0,0,0,0,0,1,1,0,0,1,3,2,4,0.5,0.25
1,189,282,48,119.0,976,483.0,3.0,2.0,2.5,1.53,2.93,1.47,2.93,1.55,2.62,1.5,5,1.0,1.0,0,0,0,0,2,1,1,1,5,2,7,3,0.2857,0.3333
1,209,242,17,103.0,1965,569.0,3.0,0.0,1.12,6.0,1.12,7.68,1.15,7.68,1.12,6.47,3,1.0,1.0,1,1,1,1,4,2,1,1,1,3,5,5,0.8,0.4
1,214,167,227,93.0,239,686.0,3.0,1.0,3.0,1.4,3.03,1.44,3.2,1.45,2.89,1.42,4,0.0,0.0,0,0,0,0,2,1,1,1,2,2,4,3,0.5,0.3333
1,57,65,213,98.0,252,679.0,3.0,1.0,1.44,2.75,1.45,3.0,1.46,3.05,1.43,2.83,4,0.0,0.0,1,1,1,1,2,2,0,1,1,4,3,6,0.6667,0.3333
1,93,2,75,13.0,788,2555.0,3.0,0.0,1.9,1.9,2.16,1.78,2.16,1.92,1.97,1.84,3,0.0,0.0,0,0,0,0,3,5,0,0,0,2,3,7,1.0,0.7143
1,90,218,30,253.0,1625,205.0,3.0,2.0,1.4,3.0,1.43,3.05,1.43,3.25,1.39,3.03,5,1.0,1.0,1,1,1,1,4,0,1,1,2,1,6,1,0.6667,0.0
1,269,37,35,34.0,1345,1384.0,3.0,2.0,1.57,2.37,1.6,2.5,1.66,2.79,1.52,2.56,5,0.0,0.0,1,1,1,1,6,1,1,1,0,4,6,5,1.0,0.2
1,117,4,99,125.0,671,464.0,3.0,0.0,1.28,3.75,1.35,3.51,1.35,3.75,1.31,3.44,3,1.0,1.0,1,1,1,1,2,0,1,1,1,1,3,1,0.6667,0.0
1,132,283,170,65.0,338,860.0,3.0,2.0,2.0,1.8,2.0,1.91,2.03,1.94,1.94,1.87,5,0.0,0.0,0,0,0,0,1,3,0,0,0,3,1,6,1.0,0.5
1,282,118,74,51.0,794,1024.0,3.0,0.0,2.2,1.66,2.24,1.73,2.29,1.75,2.15,1.71,3,0.0,0.0,0,0,0,0,1,1,0,0,2,4,3,5,0.3333,0.2
1,256,219,23,217.0,1805,249.0,3.0,0.0,1.25,4.0,1.29,4.0,1.29,4.63,1.25,4.01,3,1.0,1.0,1,1,1,1,6,1,1,1,0,2,6,3,1.0,0.3333
1,30,221,110,28.0,551,1665.0,3.0,0.0,1.72,2.1,1.71,2.27,1.82,2.27,1.71,2.15,3,0.0,0.0,1,1,1,1,4,2,1,1,2,4,6,6,0.6667,0.3333
1,127,12,106,27.0,587,1670.0,3.0,1.0,6.0,1.12,7.61,1.12,7.61,1.14,6.6,1.11,4,0.0,0.0,0,0,0,0,1,5,0,0,2,1,3,6,0.3333,0.8333
1,153,29,61,126.0,886,462.0,3.0,1.0,1.28,3.75,1.34,3.56,1.36,3.8,1.3,3.54,4,1.0,1.0,1,1,1,1,2,1,1,1,0,1,2,2,1.0,0.5
1,81,225,79,55.0,772,984.0,3.0,0.0,2.5,1.53,2.73,1.52,2.73,1.55,2.58,1.51,3,0.0,0.0,0,0,0,0,3,2,1,1,3,5,6,7,0.5,0.2857
1,232,274,26,82.0,1738,752.0,3.0,0.0,2.1,1.72,2.27,1.71,2.27,1.75,2.19,1.68,3,1.0,1.0,0,0,0,0,4,1,1,1,3,2,7,3,0.5714,0.3333
1,102,95,69,81.0,832,758.0,3.0,2.0,2.2,1.66,2.34,1.68,2.37,1.69,2.27,1.64,5,1.0,1.0,0,0,0,0,2,4,0,0,2,3,4,7,0.5,0.5714
1,206,193,17,111.0,2185,547.0,3.0,0.0,1.33,3.4,1.39,3.28,1.4,3.52,1.34,3.29,3,1.0,1.0,1,1,1,1,4,2,1,1,2,1,6,3,0.6667,0.6667
1,24,238,14,41.0,2505,1258.0,3.0,0.0,1.2,4.5,1.22,4.81,1.22,5.0,1.2,4.56,3,1.0,1.0,1,1,1,1,6,3,1,1,1,1,7,4,0.8571,0.75
1,147,186,7,92.0,4650,698.0,3.0,0.0,1.08,8.0,1.07,10.95,1.09,13.0,1.07,9.2,3,1.0,1.0,1,1,1,1,6,0,1,1,1,1,7,1,0.8571,0.0
1,143,26,3,40.0,9125,1270.0,3.0,0.0,1.1,7.0,1.1,8.87,1.12,8.87,1.1,7.2,3,1.0,1.0,1,1,1,1,5,5,0,1,2,2,7,7,0.7143,0.7143
1,22,226,52,22.0,1017,1976.0,3.0,0.0,4.5,1.2,5.16,1.2,5.16,1.23,4.58,1.2,3,0.0,0.0,0,0,0,0,3,1,1,1,2,2,5,3,0.6,0.3333
1,59,116,310,36.0,140,1312.0,3.0,0.0,1.53,2.5,1.53,2.68,1.57,2.85,1.51,2.56,3,0.0,0.0,1,1,1,1,2,1,1,1,2,3,4,4,0.5,0.25
1,74,243,239,204.0,215,270.0,3.0,0.0,1.33,3.4,1.38,3.35,1.42,3.4,1.37,3.11,3,0.0,0.0,1,1,1,1,2,0,1,1,1,3,3,3,0.6667,0.0
1,291,230,105,193.0,610,287.0,3.0,0.0,1.25,4.0,1.27,4.18,1.28,4.33,1.25,4.01,3,1.0,1.0,1,1,1,1,2,0,1,1,2,1,4,1,0.5,0.0
1,8,89,78,178.0,775,326.0,3.0,0.0,1.57,2.37,1.59,2.52,1.63,2.55,1.58,2.4,3,1.0,1.0,1,1,1,1,4,0,1,1,2,2,6,2,0.6667,0.0
1,181,288,88,15.0,716,2400.0,3.0,1.0,3.2,1.36,3.33,1.38,3.33,1.42,3.13,1.36,4,0.0,0.0,0,0,0,0,2,5,0,0,4,2,6,7,0.3333,0.7143
1,19,101,46,156.0,1075,365.0,3.0,2.0,1.28,3.75,1.35,3.53,1.36,3.76,1.31,3.44,5,1.0,1.0,1,1,1,1,2,0,1,1,2,1,4,1,0.5,0.0
1,91,23,58,91.0,949,699.0,3.0,0.0,1.22,4.33,1.2,5.17,1.25,5.45,1.19,4.8,3,1.0,1.0,1,1,1,1,2,1,1,1,2,3,4,4,0.5,0.25
1,123,197,236,181.0,217,322.0,3.0,1.0,2.75,1.44,3.05,1.43,3.1,1.47,2.82,1.44,4,0.0,0.0,0,0,0,0,3,0,1,1,1,1,4,1,0.75,0.0
1,205,192,157,71.0,363,818.0,3.0,2.0,2.2,1.66,5.21,1.2,5.3,1.24,4.77,1.19,5,0.0,0.0,0,0,0,0,1,3,0,0,0,2,1,5,1.0,0.6
1,247,141,68,207.0,840,260.0,3.0,1.0,1.3,3.5,1.4,3.22,1.43,4.0,1.34,3.32,4,1.0,1.0,1,1,1,1,3,0,1,1,4,1,7,1,0.4286,0.0
1,75,179,32,67.0,1450,845.0,3.0,2.0,1.5,2.62,1.5,2.8,1.53,2.8,1.49,2.63,5,1.0,1.0,1,1,1,1,4,1,1,1,2,5,6,6,0.6667,0.1667
1,185,201,37,85.0,1310,742.0,3.0,1.0,1.72,2.1,1.71,2.28,1.83,2.28,1.75,2.08,4,1.0,1.0,1,1,1,1,5,1,1,1,1,2,6,3,0.8333,0.3333
1,120,285,25,94.0,1739,686.0,3.0,0.0,1.03,15.0,1.06,12.22,1.06,19.0,1.04,11.83,3,1.0,1.0,1,1,1,1,5,0,1,1,0,3,5,3,1.0,0.0
1,258,5,144,29.0,392,1628.0,3.0,1.0,8.0,1.08,10.03,1.08,10.2,1.09,8.35,1.07,4,0.0,0.0,0,0,0,0,1,3,0,0,0,1,1,4,1.0,0.75
1,286,209,49,9.0,1045,2860.0,3.0,1.0,2.1,1.72,2.3,1.69,2.3,1.75,2.14,1.71,4,0.0,0.0,0,0,0,0,3,4,0,0,1,1,4,5,0.75,0.8
1,290,36,2,83.0,9850,750.0,3.0,0.0,0.971,34.0,1.01,30.08,1.02,35.0,1.01,22.68,3,1.0,1.0,1,1,1,1,7,0,1,1,0,2,7,2,1.0,0.0
1,111,43,56,162.0,965,354.0,3.0,1.0,1.33,3.4,1.42,3.11,1.42,3.41,1.37,3.12,4,1.0,1.0,1,1,1,1,5,0,1,1,2,3,7,3,0.7143,0.0
1,14,83,47,31.0,1068,1468.0,3.0,2.0,3.0,1.4,3.12,1.42,3.24,1.44,2.98,1.4,5,0.0,0.0,0,0,0,0,1,2,0,0,4,3,5,5,0.2,0.4
1,77,18,153,72.0,379,807.0,3.0,2.0,1.72,2.1,1.77,2.18,1.77,2.23,1.71,2.15,5,0.0,0.0,1,1,1,1,1,3,0,0,0,2,1,5,1.0,0.6
1,64,189,44,39.0,1130,1271.0,3.0,0.0,1.44,2.75,1.45,2.97,1.46,2.97,1.43,2.85,3,0.0,0.0,1,1,1,1,5,2,1,1,2,5,7,7,0.7143,0.2857
1,94,54,16,100.0,2200,650.0,3.0,0.0,1.3,3.5,1.35,3.5,1.38,3.56,1.32,3.37,3,1.0,1.0,1,1,1,1,6,1,1,1,0,2,6,3,1.0,0.3333
1,245,152,186,57.0,302,953.0,3.0,0.0,1.44,2.75,1.47,2.9,1.5,2.92,1.46,2.72,3,0.0,0.0,1,1,1,1,1,2,0,0,1,4,2,6,0.5,0.3333
1,25,203,63,5.0,877,5890.0,3.0,1.0,4.33,1.22,4.89,1.22,4.89,1.23,4.43,1.21,4,0.0,0.0,0,0,0,0,4,2,1,1,1,4,5,6,0.8,0.3333
1,41,264,18,43.0,2130,1166.0,3.0,0.0,1.28,3.75,1.27,4.19,1.32,4.25,1.26,3.87,3,1.0,1.0,1,1,1,1,6,0,1,1,1,6,7,6,0.8571,0.0
1,208,235,90,108.0,701,576.0,3.0,0.0,1.9,1.9,2.03,1.88,2.03,1.95,1.93,1.88,3,1.0,1.0,0,0,0,0,3,1,1,1,1,3,4,4,0.75,0.25
1,150,107,8,76.0,3030,777.0,3.0,0.0,1.11,6.5,1.11,8.1,1.12,8.3,1.1,7.02,3,1.0,1.0,1,1,1,1,4,0,1,1,0,3,4,3,1.0,0.0
1,33,104,19,86.0,2090,729.0,3.0,1.0,1.14,5.5,1.17,5.87,1.18,6.15,1.15,5.43,4,1.0,1.0,1,1,1,1,4,2,1,1,0,4,4,6,1.0,0.3333
1,211,135,122,38.0,485,1286.0,3.0,1.0,6.5,1.11,6.62,1.14,7.45,1.14,6.32,1.12,4,0.0,0.0,0,0,0,0,1,0,1,1,0,4,1,4,1.0,0.0
1,166,276,70,412.0,829,88.0,3.0,0.0,1.14,5.5,1.14,6.65,1.16,6.9,1.13,5.97,3,1.0,1.0,1,1,1,1,2,0,1,1,2,1,4,1,0.5,0.0
1,260,275,24,89.0,1785,713.0,3.0,1.0,1.12,6.0,1.15,6.35,1.17,7.45,1.12,6.24,4,1.0,1.0,1,1,1,1,4,1,1,1,3,1,7,2,0.5714,0.5
1,96,133,118,73.0,510,797.0,3.0,0.0,2.75,1.44,2.82,1.49,3.08,1.5,2.78,1.44,3,0.0,0.0,0,0,0,0,3,3,0,0,2,3,5,6,0.6,0.5
1,252,270,66,104.0,854,638.0,3.0,0.0,2.62,1.5,2.61,1.56,2.7,1.57,2.56,1.51,3,1.0,1.0,0,0,0,0,2,2,0,0,5,1,7,3,0.2857,0.6667
1,159,7,96,202.0,684,274.0,3.0,2.0,1.72,2.1,1.88,2.03,1.91,2.1,1.83,1.98,5,1.0,1.0,1,1,1,1,2,1,1,1,1,4,3,5,0.6667,0.2
1,151,129,12,48.0,2614,1055.0,3.0,2.0,1.06,10.0,1.06,12.92,1.06,14.5,1.05,11.62,5,1.0,1.0,1,1,1,1,2,1,1,1,2,4,4,5,0.5,0.2
1,69,267,1,80.0,11260,763.0,3.0,0.0,1.01,23.0,1.01,30.79,1.02,35.0,1.01,21.63,3,1.0,1.0,1,1,1,1,7,3,1,1,0,1,7,4,1.0,0.75
1,138,88,101,64.0,649,870.0,3.0,0.0,1.53,2.5,1.59,2.52,1.62,2.63,1.54,2.5,3,0.0,0.0,1,1,1,1,3,4,0,0,3,3,6,7,0.5,0.5714
1,177,50,87,95.0,722,685.0,3.0,0.0,1.33,3.4,1.41,3.16,1.41,3.41,1.35,3.22,3,1.0,1.0,1,1,1,1,1,0,1,1,1,2,2,2,0.5,0.0
1,16,48,60,135.0,907,435.0,3.0,1.0,1.44,2.75,1.49,2.84,1.51,2.98,1.47,2.71,4,1.0,1.0,1,1,1,1,7,3,1,1,0,1,7,4,1.0,0.75
1,183,98,84,33.0,749,1395.0,3.0,0.0,1.4,3.0,1.44,3.02,1.45,3.2,1.4,2.95,3,0.0,0.0,1,1,1,1,3,3,0,1,1,4,4,7,0.75,0.4286
1,136,131,6,109.0,5385,563.0,3.0,2.0,1.08,8.0,1.12,7.61,1.14,8.1,1.1,6.91,5,1.0,1.0,1,1,1,1,5,3,1,1,1,2,6,5,0.8333,0.6
1,220,115,11,54.0,2660,1005.0,3.0,1.0,1.12,6.0,1.13,7.11,1.14,7.5,1.12,6.36,4,1.0,1.0,1,1,1,1,2,4,0,0,2,3,4,7,0.5,0.5714
1,195,1,20,103.0,2055,647.0,3.0,0.0,1.12,6.0,1.14,6.92,1.15,6.92,1.13,6.13,3,1.0,1.0,1,1,1,1,5,2,1,1,2,4,7,6,0.7143,0.3333
1,34,70,10,50.0,2665,1030.0,3.0,0.0,1.16,5.0,1.17,5.95,1.2,5.95,1.17,5.16,3,1.0,1.0,1,1,1,1,6,6,0,1,0,1,6,7,1.0,0.8571
1,200,21,102,77.0,649,776.0,3.0,0.0,1.5,2.62,1.53,2.71,1.56,2.71,1.5,2.61,3,0.0,0.0,1,1,1,1,2,3,0,0,1,4,3,7,0.6667,0.4286
1,288,1,29,122.0,1933,644.0,3.0,0.0,1.25,4.0,1.27,4.26,1.32,4.26,1.27,3.8,3,1.0,1.0,1,1,1,1,5,2,1,1,2,4,7,6,0.7143,0.3333
1,41,127,12,81.0,3085,912.0,3.0,0.0,1.12,6.0,1.13,7.01,1.19,7.01,1.13,6.09,3,1.0,1.0,1,1,1,1,6,1,1,1,1,2,7,3,0.8571,0.3333
1,86,36,177,79.0,400,937.0,3.0,0.0,1.66,2.2,1.71,2.27,1.71,2.52,1.61,2.33,3,0.0,0.0,1,1,1,1,1,0,1,1,0,2,1,2,1.0,0.0
1,48,237,150,96.0,498,822.0,3.0,1.0,2.1,1.72,2.41,1.64,2.45,1.94,2.21,1.68,4,0.0,0.0,0,0,0,0,3,0,1,1,1,2,4,2,0.75,0.0
1,34,268,11,183.0,3215,393.0,3.0,0.0,1.12,6.0,1.11,8.04,1.14,10.75,1.09,7.67,3,1.0,1.0,1,1,1,1,6,0,1,1,0,1,6,1,1.0,0.0
1,185,191,61,107.0,1114,764.0,3.0,0.0,3.2,1.36,3.4,1.37,3.4,1.44,3.15,1.36,3,1.0,1.0,0,0,0,0,5,0,1,1,1,1,6,1,0.8333,0.0
1,238,37,48,27.0,1384,2195.0,3.0,1.0,2.5,1.53,2.37,1.66,2.88,1.66,2.46,1.55,4,0.0,0.0,0,0,0,0,3,1,1,1,1,4,4,5,0.75,0.2
1,118,143,68,4.0,1020,8445.0,3.0,2.0,7.0,1.1,9.48,1.09,10.0,1.11,7.73,1.09,5,0.0,0.0,0,0,0,0,1,5,0,0,4,2,5,7,0.2,0.7143
1,94,247,25,71.0,2280,976.0,3.0,0.0,1.3,3.5,1.24,4.6,1.32,4.6,1.23,4.17,3,1.0,1.0,1,1,1,1,6,3,1,1,0,4,6,7,1.0,0.4286
1,25,115,44,69.0,1456,995.0,3.0,0.0,1.1,7.0,1.13,7.35,1.13,7.5,1.11,6.79,3,1.0,1.0,1,1,1,1,4,4,0,1,1,3,5,7,0.8,0.5714
1,269,271,49,159.0,1318,458.0,3.0,2.0,1.12,6.0,1.15,6.34,1.16,8.0,1.12,6.29,5,1.0,1.0,1,1,1,1,6,0,1,1,0,2,6,2,1.0,0.0
1,33,102,23,102.0,2350,793.0,3.0,1.0,1.06,10.0,1.08,10.16,1.09,13.0,1.06,9.57,4,1.0,1.0,1,1,1,1,4,2,1,1,0,2,4,4,1.0,0.5
1,123,167,119,75.0,675,951.0,3.0,1.0,1.3,3.5,1.31,3.83,1.41,4.0,1.3,3.59,4,0.0,0.0,1,1,1,1,3,1,1,1,1,2,4,3,0.75,0.3333
1,159,195,84,17.0,900,2521.0,1.0,2.0,4.0,1.25,5.07,1.21,5.07,1.26,4.52,1.21,3,0.0,0.0,0,0,0,0,2,5,0,0,1,2,3,7,0.6667,0.7143
1,133,192,55,73.0,1168,968.0,3.0,1.0,1.8,2.0,1.81,2.11,1.87,2.25,1.77,2.05,4,1.0,1.0,1,1,1,1,3,3,0,1,3,2,6,5,0.5,0.6
1,147,66,6,152.0,6990,485.0,3.0,2.0,1.04,13.0,1.05,14.47,1.05,18.0,1.03,12.73,5,1.0,1.0,1,1,1,1,6,1,1,1,1,3,7,4,0.8571,0.25
1,166,181,46,106.0,1408,772.0,3.0,0.0,1.03,15.0,1.04,14.9,1.05,17.75,1.03,12.7,3,1.0,1.0,1,1,1,1,2,2,0,1,2,4,4,6,0.5,0.3333
1,194,157,182,137.0,393,555.0,3.0,1.0,3.75,1.28,3.88,1.3,4.9,1.32,3.79,1.27,4,0.0,0.0,0,0,0,0,1,0,1,1,0,3,1,3,1.0,0.0
1,52,83,154,20.0,478,2498.0,3.0,2.0,2.37,1.57,2.65,1.55,2.66,1.61,2.48,1.55,5,0.0,0.0,0,0,0,0,2,2,0,0,0,3,2,5,1.0,0.4
1,136,283,5,60.0,7500,1123.0,3.0,0.0,1.02,17.0,1.02,21.59,1.04,25.0,1.01,16.8,3,1.0,1.0,1,1,1,1,5,3,1,1,1,3,6,6,0.8333,0.5
1,93,8,19,85.0,2500,897.0,3.0,2.0,1.11,6.5,1.14,6.77,1.18,7.0,1.12,6.3,5,1.0,1.0,1,1,1,1,3,4,0,0,0,2,3,6,1.0,0.6667
1,88,179,88,74.0,878,963.0,3.0,2.0,5.0,1.16,5.34,1.19,5.75,1.2,5.04,1.17,5,0.0,0.0,0,0,0,0,4,1,1,1,3,5,7,6,0.5714,0.1667
1,5,196,41,215.0,1524,322.0,3.0,0.0,1.5,2.62,1.48,2.86,1.52,2.86,1.48,2.66,3,1.0,1.0,1,1,1,1,3,1,1,1,1,2,4,3,0.75,0.3333
1,183,213,80,117.0,936,688.0,3.0,0.0,1.66,2.2,1.63,2.44,1.73,2.47,1.62,2.31,3,1.0,1.0,1,1,1,1,3,0,1,1,1,2,4,2,0.75,0.0
1,275,162,87,134.0,879,566.0,3.0,1.0,2.62,1.5,1.05,9.71,1.48,8.0,1.28,5.34,4,1.0,1.0,0,1,1,1,1,0,1,1,1,4,2,4,0.5,0.0
1,256,129,34,67.0,1730,1023.0,3.0,0.0,1.28,3.75,1.26,4.39,1.29,4.39,1.25,3.95,3,1.0,1.0,1,1,1,1,6,1,1,1,0,4,6,5,1.0,0.2
1,95,81,51,89.0,1225,870.0,3.0,1.0,1.14,5.5,1.2,5.32,1.2,5.8,1.17,5.13,4,1.0,1.0,1,1,1,1,4,3,1,1,3,3,7,6,0.5714,0.5
1,120,232,16,40.0,2690,1544.0,3.0,1.0,1.05,11.0,1.06,12.51,1.06,15.0,1.05,11.37,4,1.0,1.0,1,1,1,1,5,4,1,1,0,3,5,7,1.0,0.5714
1,18,144,45,198.0,1430,354.0,3.0,0.0,1.2,4.5,1.24,4.56,1.25,5.1,1.21,4.43,3,1.0,1.0,1,1,1,1,3,1,1,1,2,3,5,4,0.6,0.25
1,91,44,52,129.0,1225,611.0,3.0,2.0,1.3,3.5,1.24,4.55,1.33,4.55,1.25,3.96,5,1.0,1.0,1,1,1,1,2,0,1,1,2,2,4,2,0.5,0.0
1,203,286,2,37.0,9793,1613.0,3.0,0.0,1.4,3.0,1.43,3.05,1.46,3.06,1.41,2.92,3,1.0,1.0,1,1,1,1,2,3,0,0,4,1,6,4,0.3333,0.75
1,131,225,72,64.0,974,1042.0,3.0,1.0,1.08,8.0,1.14,6.73,1.14,8.5,1.1,7.24,4,0.0,0.0,1,1,1,1,3,2,1,1,2,5,5,7,0.6,0.2857
1,116,200,35,108.0,1726,760.0,3.0,0.0,1.4,3.0,1.45,3.0,1.51,3.0,1.42,2.87,3,1.0,1.0,1,1,1,1,1,2,0,0,3,1,4,3,0.25,0.6667
1,98,260,31,39.0,1785,1585.0,3.0,1.0,1.66,2.2,1.7,2.28,1.74,2.29,1.68,2.2,4,1.0,1.0,1,1,1,1,3,4,0,0,4,3,7,7,0.4286,0.5714
1,291,57,103,50.0,793,1289.0,3.0,0.0,3.4,1.33,3.42,1.37,3.84,1.38,3.33,1.33,3,0.0,0.0,0,0,0,0,2,2,0,0,2,1,4,3,0.5,0.6667
1,156,254,97,128.0,815,631.0,3.0,1.0,1.28,3.75,1.32,3.74,1.32,3.95,1.29,3.63,4,1.0,1.0,1,1,1,1,2,1,1,1,0,1,2,2,1.0,0.5
1,54,204,126,452.0,636,87.0,3.0,1.0,1.53,2.5,1.64,2.42,1.64,2.61,1.57,2.41,4,1.0,1.0,1,1,1,1,1,0,1,1,2,1,3,1,0.3333,0.0
1,261,73,8,204.0,5605,343.0,3.0,0.0,1.12,6.0,1.12,7.76,1.13,7.76,1.11,6.64,3,1.0,1.0,1,1,1,1,2,1,1,1,0,3,2,4,1.0,0.25
1,208,19,54,28.0,1198,2132.0,3.0,0.0,5.5,1.14,6.75,1.14,6.75,1.17,5.8,1.14,3,0.0,0.0,0,0,0,0,3,2,1,1,1,2,4,4,0.75,0.5
1,26,43,47,118.0,1388,677.0,3.0,0.0,1.72,2.1,1.77,2.18,1.8,2.2,1.73,2.12,3,1.0,1.0,1,1,1,1,5,0,1,1,2,3,7,3,0.7143,0.0
1,90,21,33,114.0,1760,714.0,3.0,0.0,1.12,6.0,1.18,5.59,1.18,6.75,1.14,5.89,3,1.0,1.0,1,1,1,1,4,3,1,1,2,4,6,7,0.6667,0.4286
1,153,80,59,197.0,1134,359.0,3.0,0.0,1.25,4.0,1.26,4.29,1.28,4.4,1.24,4.08,3,1.0,1.0,1,1,1,1,2,1,1,1,0,2,2,3,1.0,0.3333
1,266,2,76,13.0,950,2875.0,3.0,0.0,1.66,2.2,1.75,2.2,1.76,2.3,1.71,2.16,3,0.0,0.0,1,1,1,1,1,5,0,0,1,2,2,7,0.5,0.7143
1,22,253,57,77.0,1142,947.0,3.0,1.0,1.22,4.33,1.26,4.36,1.26,4.8,1.22,4.3,4,1.0,1.0,1,1,1,1,3,2,1,1,2,3,5,5,0.6,0.4
1,30,50,83,115.0,903,704.0,3.0,1.0,1.04,13.0,1.06,12.44,1.06,21.0,1.05,11.27,4,1.0,1.0,1,1,1,1,4,0,1,1,2,2,6,2,0.6667,0.0
1,267,138,105,95.0,776,831.0,3.0,2.0,2.2,1.66,2.24,1.73,2.29,1.76,2.15,1.71,5,0.0,0.0,0,0,0,0,3,3,0,0,1,3,4,6,0.75,0.5
1,221,282,22,78.0,2350,939.0,3.0,0.0,1.61,2.3,1.65,2.4,1.65,2.52,1.6,2.34,3,1.0,1.0,1,1,1,1,2,1,1,1,4,2,6,3,0.3333,0.3333
1,252,135,93,32.0,839,1780.0,3.0,1.0,3.75,1.28,3.28,1.39,3.76,1.39,3.36,1.33,4,0.0,0.0,0,0,0,0,2,0,1,1,5,4,7,4,0.2857,0.0
1,126,46,26,163.0,2245,437.0,3.0,0.0,1.14,5.5,1.14,6.63,1.17,7.0,1.12,6.26,3,1.0,1.0,1,1,1,1,1,0,1,1,1,2,2,2,0.5,0.0
1,111,189,56,36.0,1166,1651.0,3.0,1.0,1.25,4.0,1.28,4.08,1.31,4.08,1.27,3.79,4,0.0,0.0,1,1,1,1,5,2,1,1,2,5,7,7,0.7143,0.2857
1,23,201,101,82.0,794,906.0,3.0,1.0,4.0,1.25,4.66,1.24,4.75,1.27,4.24,1.23,4,0.0,0.0,0,0,0,0,1,1,0,0,3,2,4,3,0.25,0.3333
1,75,151,42,7.0,1500,6090.0,3.0,2.0,6.5,1.11,7.38,1.13,8.5,1.13,7.14,1.1,5,0.0,0.0,0,0,0,0,4,2,1,1,2,2,6,4,0.6667,0.5
1,209,64,15,38.0,2713,1595.0,3.0,1.0,2.3,1.61,2.22,1.74,2.59,1.77,2.21,1.67,4,1.0,1.0,0,0,0,0,4,5,0,0,1,2,5,7,0.8,0.7143
1,65,226,98,21.0,811,2423.0,3.0,1.0,10.0,1.06,11.2,1.07,12.75,1.07,10.21,1.05,4,0.0,0.0,0,0,0,0,2,1,1,1,4,2,6,3,0.3333,0.3333
1,68,214,104,116.0,778,693.0,3.0,0.0,1.72,2.1,1.83,2.09,1.87,2.19,1.78,2.04,3,1.0,1.0,1,1,1,1,2,2,0,1,1,2,3,4,0.6667,0.5
1,104,182,132,99.0,572,795.0,3.0,1.0,1.72,2.1,1.74,2.22,1.78,2.28,1.7,2.16,4,0.0,0.0,1,1,1,1,2,4,0,0,4,1,6,5,0.3333,0.8
1,290,235,3,63.0,9630,1052.0,3.0,0.0,1.01,23.0,1.01,29.38,1.02,34.0,1.01,21.96,3,1.0,1.0,1,1,1,1,7,1,1,1,0,3,7,4,1.0,0.25
1,117,152,94,62.0,838,1072.0,3.0,0.0,1.57,2.37,1.65,2.38,1.67,2.53,1.6,2.35,3,0.0,0.0,1,1,1,1,2,2,0,1,1,4,3,6,0.6667,0.3333
1,24,244,10,680.0,3465,35.0,3.0,0.0,1.01,23.0,1.01,29.16,1.02,34.0,1.01,21.2,3,1.0,1.0,1,1,1,1,6,0,1,1,1,1,7,1,0.8571,0.0
1,70,74,53,141.0,1213,531.0,3.0,0.0,1.72,2.1,1.75,2.2,1.82,2.29,1.72,2.14,3,1.0,1.0,1,1,1,1,6,2,1,1,1,1,7,3,0.8571,0.6667
1,150,242,9,113.0,3958,716.0,3.0,1.0,1.07,9.0,1.08,9.87,1.08,21.0,1.06,10.64,4,1.0,1.0,1,1,1,1,4,2,1,1,0,3,4,5,1.0,0.4
1,274,96,91,100.0,854,795.0,3.0,1.0,2.75,1.44,2.95,1.46,3.2,1.46,2.91,1.41,4,1.0,1.0,0,0,0,0,1,3,0,0,2,2,3,5,0.3333,0.6
1,16,174,92,86.0,846,892.0,3.0,0.0,1.4,3.0,1.47,2.93,1.53,3.06,1.43,2.85,3,0.0,0.0,1,1,1,1,7,4,1,1,0,2,7,6,1.0,0.6667
1,69,14,1,66.0,11313,1033.0,3.0,0.0,29.0,0.967,1.01,31.38,1.02,35.0,1.01,23.01,3,1.0,1.0,0,1,1,1,7,1,1,1,0,4,7,5,1.0,0.2
1,270,143,90,190.0,703,295.0,3.0,0.0,1.8,2.0,1.95,1.95,2.05,2.0,1.96,1.86,3,1.0,1.0,1,0,0,0,2,5,0,0,1,2,3,7,0.6667,0.7143
1,131,245,87,53.0,710,970.0,3.0,1.0,1.4,3.0,1.4,3.21,1.45,3.21,1.4,2.94,4,0.0,0.0,1,1,1,1,3,1,1,1,2,1,5,2,0.6,0.5
1,12,157,279,85.0,183,720.0,3.0,1.0,1.9,1.9,1.83,2.1,2.03,2.1,1.85,1.97,4,0.0,0.0,0,1,1,1,5,0,1,1,1,3,6,3,0.8333,0.0
1,195,159,21,49.0,1740,1011.0,3.0,0.0,1.14,5.5,1.15,6.39,1.17,6.39,1.14,5.7,3,1.0,1.0,1,1,1,1,5,2,1,1,2,1,7,3,0.7143,0.6667
1,111,44,195,117.0,291,524.0,3.0,1.0,3.75,1.28,4.13,1.28,4.13,1.32,3.63,1.29,4,0.0,0.0,0,0,0,0,5,0,1,1,2,2,7,2,0.7143,0.0
1,24,13,16,228.0,2505,237.0,3.0,1.0,1.07,9.0,1.1,8.96,1.13,11.0,1.08,8.08,4,1.0,1.0,1,1,1,1,6,1,1,1,1,2,7,3,0.8571,0.3333
1,1,242,210,115.0,269,527.0,3.0,2.0,3.5,1.3,3.92,1.3,4.55,1.33,3.62,1.29,5,0.0,0.0,0,0,0,0,2,2,0,0,4,3,6,5,0.3333,0.4
1,52,20,29,141.0,1344,443.0,3.0,1.0,1.28,3.75,1.27,3.79,1.32,4.33,1.26,3.88,4,1.0,1.0,1,1,1,1,2,0,1,1,0,1,2,1,1.0,0.0
1,256,7,26,84.0,1616,722.0,3.0,1.0,1.5,2.62,1.55,2.64,1.64,2.64,1.56,2.44,4,1.0,1.0,1,1,1,1,6,1,1,1,0,4,6,5,1.0,0.2
1,226,215,9,122.0,3820,504.0,3.0,2.0,1.16,5.0,1.15,6.39,1.2,7.4,1.15,5.52,5,1.0,1.0,1,1,1,1,1,0,1,1,2,1,3,1,0.3333,0.0
1,16,46,149,34.0,418,1207.0,3.0,0.0,3.0,1.4,3.19,1.41,3.38,1.41,3.05,1.38,3,0.0,0.0,0,0,0,0,7,0,1,1,0,2,7,2,1.0,0.0
1,122,166,58,28.0,949,1400.0,3.0,1.0,4.0,1.25,4.03,1.29,4.35,1.29,3.85,1.27,4,0.0,0.0,0,0,0,0,1,2,0,0,0,2,1,4,1.0,0.5
1,288,235,51,102.0,976,616.0,3.0,0.0,1.5,2.62,1.65,2.4,1.66,2.64,1.58,2.41,3,1.0,1.0,1,1,1,1,5,1,1,1,2,3,7,4,0.7143,0.25
1,94,168,25,135.0,1620,467.0,3.0,1.0,1.28,3.75,1.25,4.49,1.31,4.51,1.26,3.94,4,1.0,1.0,1,1,1,1,6,0,1,1,0,1,6,1,1.0,0.0
1,64,109,44,86.0,1058,718.0,3.0,1.0,2.0,1.8,2.07,1.85,2.14,1.95,1.98,1.83,4,1.0,1.0,0,0,0,0,5,0,1,1,2,2,7,2,0.7143,0.0
1,146,126,155,41.0,410,1128.0,3.0,2.0,2.2,1.66,2.43,1.63,2.43,1.72,2.28,1.63,5,0.0,0.0,0,0,0,0,1,1,0,0,0,1,1,2,1.0,0.5
1,147,240,3,219.0,7075,255.0,3.0,0.0,1.05,11.0,1.04,15.9,1.05,16.0,1.04,12.73,3,1.0,1.0,1,1,1,1,6,0,1,1,1,1,7,1,0.8571,0.0
1,178,71,160,81.0,367,762.0,3.0,0.0,1.5,2.62,1.54,2.66,1.56,2.75,1.52,2.54,3,0.0,0.0,1,1,1,1,1,0,1,1,0,4,1,4,1.0,0.0
1,254,89,131,176.0,475,330.0,3.0,0.0,1.25,4.0,1.29,4.01,1.31,4.25,1.26,3.9,3,1.0,1.0,1,1,1,1,1,0,1,1,1,2,2,2,0.5,0.0
1,156,102,6,142.0,4648,442.0,3.0,0.0,1.02,19.0,1.005,34.86,1.02,34.86,1.01,20.85,3,1.0,1.0,1,1,1,1,2,2,0,1,0,2,2,4,1.0,0.5
1,121,271,223,173.0,249,334.0,3.0,2.0,1.72,2.1,1.79,2.15,1.83,2.34,1.75,2.09,5,0.0,0.0,1,1,1,1,1,0,1,1,0,2,1,2,1.0,0.0
1,5,116,55,17.0,965,2180.0,3.0,0.0,2.2,1.66,2.17,1.78,2.3,1.78,2.21,1.68,3,0.0,0.0,0,0,0,0,3,1,1,1,1,3,4,4,0.75,0.25
1,90,210,14,201.0,2920,287.0,3.0,2.0,1.12,6.0,1.17,5.82,1.17,7.0,1.15,5.57,5,1.0,1.0,1,1,1,1,4,0,1,1,2,1,6,1,0.6667,0.0
1,87,260,36,64.0,1178,896.0,3.0,1.0,1.33,3.4,1.33,3.64,1.41,3.74,1.33,3.36,4,1.0,1.0,1,1,1,1,1,4,0,0,0,3,1,7,1.0,0.5714
1,160,54,75,79.0,827,775.0,3.0,2.0,2.0,1.8,2.0,1.91,2.19,1.91,1.98,1.83,5,1.0,1.0,0,0,0,0,1,1,0,0,0,2,1,3,1.0,0.3333
1,98,289,24,62.0,1628,914.0,3.0,2.0,1.3,3.5,1.34,3.57,1.38,3.92,1.32,3.43,5,1.0,1.0,1,1,1,1,3,0,1,1,4,1,7,1,0.4286,0.0
1,18,202,11,146.0,3455,429.0,3.0,0.0,1.08,8.0,1.12,7.63,1.12,11.42,1.08,8.3,3,1.0,1.0,1,1,1,1,3,0,1,1,2,1,5,1,0.6,0.0
1,192,206,139,264.0,451,204.0,3.0,1.0,2.3,1.61,2.26,1.71,2.57,1.74,2.3,1.64,4,1.0,1.0,0,0,0,0,3,4,0,0,2,2,5,6,0.6,0.6667
1,37,213,32,45.0,1232,1051.0,3.0,0.0,2.0,1.8,2.12,1.81,2.12,2.0,2.02,1.81,3,1.0,1.0,0,0,0,0,1,0,1,1,4,2,5,2,0.2,0.0
1,290,225,5,82.0,5525,748.0,3.0,0.0,1.01,23.0,1.02,21.59,1.02,34.0,1.01,19.07,3,1.0,1.0,1,1,1,1,7,2,1,1,0,5,7,7,1.0,0.2857
1,123,250,60,156.0,941,407.0,3.0,1.0,1.61,2.3,1.64,2.41,1.68,2.5,1.6,2.34,4,1.0,1.0,1,1,1,1,3,0,1,1,1,1,4,1,0.75,0.0
1,238,272,31,88.0,1316,710.0,3.0,0.0,1.11,6.5,1.1,8.39,1.14,8.49,1.1,7.04,3,1.0,1.0,1,1,1,1,3,0,1,1,1,1,4,1,0.75,0.0
1,170,127,153,112.0,412,551.0,3.0,1.0,1.44,2.75,1.53,2.68,1.62,2.79,1.5,2.59,4,0.0,0.0,1,1,1,1,1,1,0,1,0,2,1,3,1.0,0.3333
1,25,163,57,191.0,955,295.0,3.0,0.0,1.33,3.4,1.37,3.39,1.38,3.52,1.34,3.32,3,1.0,1.0,1,1,1,1,4,0,1,1,1,1,5,1,0.8,0.0
1,267,23,95,72.0,672,848.0,3.0,0.0,1.33,3.4,1.34,3.6,1.36,3.66,1.32,3.42,3,0.0,0.0,1,1,1,1,3,1,1,1,1,3,4,4,0.75,0.25
1,26,177,23,262.0,1695,207.0,3.0,0.0,1.06,10.0,1.04,15.77,1.06,15.77,1.04,11.45,3,1.0,1.0,1,1,1,1,5,1,1,1,2,1,7,2,0.7143,0.5
1,69,22,1,99.0,8660,654.0,3.0,0.0,1.01,26.0,1.01,33.62,1.01,34.0,1.01,21.46,3,1.0,1.0,1,1,1,1,7,3,1,1,0,2,7,5,1.0,0.6
1,21,187,63,109.0,906,565.0,3.0,2.0,1.8,2.0,1.9,2.01,1.95,2.21,1.81,2.02,5,1.0,1.0,1,1,1,1,3,0,1,1,4,1,7,1,0.4286,0.0
1,100,220,40,15.0,1159,2531.0,3.0,0.0,2.0,1.8,2.16,1.78,2.3,1.85,2.11,1.73,3,0.0,0.0,0,0,0,0,1,2,0,0,0,2,1,4,1.0,0.5
1,167,135,61,46.0,920,1044.0,3.0,2.0,1.66,2.2,1.75,2.2,1.76,2.26,1.69,2.18,5,0.0,0.0,1,1,1,1,1,0,1,1,2,4,3,4,0.3333,0.0
1,203,68,2,103.0,7980,600.0,3.0,0.0,1.1,7.0,1.16,6.26,1.16,8.0,1.13,6.25,3,1.0,1.0,1,1,1,1,2,2,0,1,4,1,6,3,0.3333,0.6667
1,133,252,56,101.0,956,645.0,3.0,0.0,1.12,6.0,1.1,8.63,1.16,8.63,1.1,7.08,3,1.0,1.0,1,1,1,1,3,2,1,1,3,5,6,7,0.5,0.2857
1,57,264,30,91.0,1326,693.0,3.0,0.0,1.14,5.5,1.13,7.12,1.15,7.8,1.12,6.54,3,1.0,1.0,1,1,1,1,2,0,1,1,1,6,3,6,0.6667,0.0
1,286,43,42,68.0,1083,862.0,3.0,0.0,2.5,1.53,2.78,1.51,2.8,1.57,2.58,1.52,3,1.0,1.0,0,0,0,0,3,0,1,1,1,3,4,3,0.75,0.0
1,58,117,38,54.0,1163,967.0,3.0,1.0,1.44,2.75,1.49,2.85,1.51,2.85,1.46,2.74,4,1.0,1.0,1,1,1,1,1,2,0,0,0,1,1,3,1.0,0.6667
1,70,208,70,39.0,853,1160.0,3.0,0.0,1.5,2.62,1.56,2.57,1.62,2.78,1.51,2.57,3,0.0,0.0,1,1,1,1,6,3,1,1,1,1,7,4,0.8571,0.75
1,33,91,37,33.0,1168,1218.0,3.0,1.0,1.61,2.3,1.67,2.35,1.68,2.49,1.62,2.31,4,0.0,0.0,1,1,1,1,4,2,1,1,0,2,4,4,1.0,0.5
1,2,278,48,77.0,1023,801.0,3.0,1.0,1.36,3.2,1.42,3.13,1.44,3.6,1.38,3.05,4,1.0,1.0,1,1,1,1,5,0,1,1,2,1,7,1,0.7143,0.0
1,120,253,8,297.0,3940,168.0,3.0,1.0,1.03,15.0,1.03,18.72,1.05,21.0,1.02,14.79,4,1.0,1.0,1,1,1,1,5,2,1,1,0,3,5,5,1.0,0.4
1,246,232,50,78.0,1010,784.0,3.0,1.0,1.5,2.62,1.49,2.83,1.54,2.83,1.5,2.63,4,1.0,1.0,1,1,1,1,1,4,0,0,1,3,2,7,0.5,0.5714
1,48,291,96,43.0,668,1070.0,3.0,1.0,4.0,1.25,4.37,1.26,2.31,1.75,2.16,1.69,4,0.0,0.0,0,0,0,0,3,2,1,1,1,2,4,4,0.75,0.5
1,151,274,7,71.0,3945,852.0,3.0,1.0,1.08,8.0,1.07,11.06,1.09,11.06,1.06,9.19,4,1.0,1.0,1,1,1,1,2,1,1,1,2,2,4,3,0.5,0.3333
1,19,162,35,94.0,1190,672.0,3.0,0.0,1.08,8.0,1.07,10.74,1.1,10.74,1.07,9.0,3,1.0,1.0,1,1,1,1,2,0,1,1,2,4,4,4,0.5,0.0
1,95,189,65,69.0,894,858.0,3.0,0.0,1.36,3.2,1.38,3.32,1.4,3.35,1.36,3.13,3,1.0,1.0,1,1,1,1,4,2,1,1,3,5,7,7,0.5714,0.2857
1,179,214,27,52.0,1599,971.0,3.0,0.0,1.53,2.5,1.59,2.53,1.67,2.53,1.59,2.38,3,1.0,1.0,1,1,1,1,1,2,0,0,5,2,6,4,0.1667,0.5
1,74,221,74,20.0,828,1838.0,3.0,2.0,4.5,1.2,4.94,1.22,5.1,1.22,4.63,1.2,5,0.0,0.0,0,0,0,0,2,2,0,0,1,4,3,6,0.6667,0.3333
1,138,66,89,59.0,704,947.0,3.0,2.0,2.2,1.66,2.24,1.73,2.45,1.73,2.3,1.62,5,0.0,0.0,0,0,0,0,3,1,1,1,3,3,6,4,0.5,0.25
1,30,118,132,98.0,475,656.0,3.0,2.0,1.9,1.9,2.07,1.85,2.1,1.91,1.98,1.83,5,0.0,0.0,0,0,0,0,4,1,1,1,2,4,6,5,0.6667,0.2
1,83,251,13,216.0,3095,260.0,3.0,0.0,1.12,6.0,1.19,5.43,1.19,6.75,1.13,5.89,3,1.0,1.0,1,1,1,1,2,0,1,1,3,1,5,1,0.4,0.0
1,93,144,12,186.0,3185,307.0,3.0,0.0,1.06,10.0,1.06,12.84,1.08,14.0,1.05,10.75,3,1.0,1.0,1,1,1,1,3,1,1,1,0,3,3,4,1.0,0.25
1,223,174,134,162.0,468,360.0,3.0,1.0,1.9,1.9,1.81,2.11,1.91,2.2,1.81,2.01,4,1.0,1.0,0,1,1,1,1,4,0,0,0,2,1,6,1.0,0.6667
1,88,247,92,73.0,689,847.0,3.0,1.0,2.3,1.61,2.31,1.69,2.35,1.69,2.25,1.65,4,0.0,0.0,0,0,0,0,4,3,1,1,3,4,7,7,0.5714,0.4286
1,136,266,4,66.0,5965,867.0,3.0,2.0,1.1,7.0,1.09,9.54,1.11,9.67,1.09,7.56,5,1.0,1.0,1,1,1,1,5,1,1,1,1,1,6,2,0.8333,0.5
1,115,41,158,18.0,391,2135.0,3.0,2.0,13.0,1.04,13.88,1.05,20.16,1.05,12.92,1.03,5,0.0,0.0,0,0,0,0,4,6,0,0,3,1,7,7,0.5714,0.8571
